역명,월,관측수,중간값_톤,평균_톤,25분위_톤,75분위_톤,표준편차_톤,IQR_톤
강동역,1,18.0,1057.5,1039.5277777777778,971.375,1254.625,303.2026827553895,283.25
강동역,2,18.0,1005.5,986.5833333333334,890.125,1141.0,209.84624973873554,250.875
강동역,3,18.0,1005.5,986.5833333333334,890.125,1141.0,209.84624973873554,250.875
강동역,4,18.0,1014.75,1014.3888888888889,941.5,1111.625,227.4999389499308,170.125
강동역,5,18.0,1014.75,1014.3888888888889,941.5,1111.625,227.4999389499308,170.125
강동역,6,18.0,1201.0,1120.9722222222222,1025.625,1285.875,342.4666352242654,260.25
강동역,7,18.0,1201.0,1120.9722222222222,1025.625,1285.875,342.4666352242654,260.25
강동역,8,18.0,1831.75,1652.138888888889,1225.125,2142.25,699.3355208708006,917.125
강동역,9,18.0,1831.75,1652.138888888889,1225.125,2142.25,699.3355208708006,917.125
강동역,10,18.0,1516.0,1381.0833333333333,1169.75,1725.625,553.5749656975637,555.875
강동역,11,18.0,1516.0,1381.0833333333333,1169.75,1725.625,553.5749656975637,555.875
강동역,12,18.0,1057.5,1039.5277777777778,971.375,1254.625,303.2026827553895,283.25
강일역,1,6.0,337.5,377.0,322.25,342.25,247.10685947581464,20.0
강일역,2,6.0,337.5,377.0,322.25,342.25,247.10685947581464,20.0
강일역,3,6.0,329.0,382.5,307.625,373.625,243.04896625988764,66.0
강일역,4,6.0,329.0,382.5,307.625,373.625,243.04896625988764,66.0
강일역,5,5.0,373.0,450.1,357.5,386.0,220.18583060678543,28.5
강일역,6,5.0,373.0,450.1,357.5,386.0,220.18583060678543,28.5
강일역,7,5.0,428.0,503.9,427.0,478.0,193.0661803631076,51.0
강일역,8,5.0,428.0,503.9,427.0,478.0,193.0661803631076,51.0
강일역,9,5.0,540.0,560.5,465.5,542.0,164.4916411250128,76.5
강일역,10,5.0,540.0,560.5,465.5,542.0,164.4916411250128,76.5
강일역,11,6.0,364.0,497.0,344.125,383.125,524.5165393007164,39.0
강일역,12,6.0,364.0,497.0,344.125,383.125,524.5165393007164,39.0
건대입구역(7호선),1,36.0,410.75,456.75,331.875,587.75,160.8400047962482,255.875
건대입구역(7호선),2,36.0,367.75,442.90277777777777,305.125,587.75,168.35705337358135,282.625
건대입구역(7호선),3,36.0,348.25,398.8888888888889,294.75,561.875,162.66618364487223,267.125
건대입구역(7호선),4,36.0,333.25,382.4166666666667,287.375,561.875,183.10264490560635,274.5
건대입구역(7호선),5,36.0,364.25,442.3888888888889,302.875,611.25,213.67612712136867,308.375
건대입구역(7호선),6,36.0,420.25,476.52777777777777,330.5,611.25,181.46766514192961,280.75
건대입구역(7호선),7,36.0,517.0,541.9027777777778,330.5,694.875,240.61572266180676,364.375
건대입구역(7호선),8,36.0,581.0,593.0138888888889,368.25,705.75,232.831928533104,337.5
건대입구역(7호선),9,36.0,574.5,638.1666666666666,368.25,798.125,292.659553552783,429.875
건대입구역(7호선),10,36.0,540.0,629.2083333333334,424.0,779.0,283.0614111813901,355.0
건대입구역(7호선),11,36.0,508.0,527.6388888888889,391.25,637.125,179.08902858279777,245.875
건대입구역(7호선),12,36.0,402.75,481.6666666666667,336.5,615.25,194.91950719646886,278.75
경복궁역,1,36.0,612.75,667.8194444444445,400.0,799.5,339.62782472199893,399.5
경복궁역,2,35.0,580.5,593.2571428571429,397.75,791.5,267.84761282766544,393.75
경복궁역,3,34.0,483.0,553.2352941176471,334.875,810.625,287.2650353502134,475.75
경복궁역,4,35.0,521.5,646.3285714285714,390.5,922.75,372.4001236584654,532.25
경복궁역,5,36.0,640.75,681.0972222222222,393.5,922.625,349.7090999151896,529.125
경복궁역,6,36.0,662.5,821.4166666666666,373.5,1170.125,525.5701733763601,796.625
경복궁역,7,36.0,794.75,903.2361111111111,581.0,1170.125,482.73298573421835,589.125
경복궁역,8,36.0,842.25,1037.1944444444443,581.0,1472.25,585.5932434936359,891.25
경복궁역,9,36.0,1049.0,1104.5555555555557,714.75,1472.25,537.711868911459,757.5
경복궁역,10,36.0,906.25,1051.5833333333333,714.75,1353.25,475.3876688706657,638.5
경복궁역,11,36.0,900.0,1026.0833333333333,658.375,1353.25,486.8550312244615,694.875
경복궁역,12,36.0,780.75,789.9444444444445,582.0,941.125,292.9076835986231,359.125
경찰병원역,1,17.0,425.5,404.70588235294116,397.5,448.0,114.27899780027516,50.5
경찰병원역,2,17.0,426.0,383.3235294117647,371.5,445.0,102.15841576573467,73.5
경찰병원역,3,17.0,426.0,383.3235294117647,371.5,445.0,102.15841576573467,73.5
경찰병원역,4,17.0,478.0,474.4117647058824,412.5,505.0,122.20835631388377,92.5
경찰병원역,5,17.0,478.0,474.4117647058824,412.5,505.0,122.20835631388377,92.5
경찰병원역,6,16.0,504.5,527.09375,477.75,583.25,91.96235076558958,105.5
경찰병원역,7,16.0,504.5,527.09375,477.75,583.25,91.96235076558958,105.5
경찰병원역,8,16.0,875.0,856.5625,771.75,985.875,197.30263345091637,214.125
경찰병원역,9,16.0,875.0,856.5625,771.75,985.875,197.30263345091637,214.125
경찰병원역,10,16.0,533.75,564.25,497.125,592.375,149.16891990849388,95.25
경찰병원역,11,16.0,533.75,564.25,497.125,592.375,149.16891990849388,95.25
경찰병원역,12,17.0,425.5,404.70588235294116,397.5,448.0,114.27899780027516,50.5
고속터미널역(3호선),1,13.0,156.0,323.9230769230769,104.5,300.0,383.020987575194,195.5
고속터미널역(3호선),2,14.0,116.75,157.78571428571428,75.375,210.25,113.47699093881312,134.875
고속터미널역(3호선),3,14.0,116.75,157.78571428571428,75.375,210.25,113.47699093881312,134.875
고속터미널역(3호선),4,14.0,185.25,269.75,141.5,401.125,162.16204502334648,259.625
고속터미널역(3호선),5,14.0,185.25,269.75,141.5,401.125,162.16204502334648,259.625
고속터미널역(3호선),6,13.0,586.5,953.5,469.5,1413.0,669.4729892485083,943.5
고속터미널역(3호선),7,13.0,586.5,953.5,469.5,1413.0,669.4729892485083,943.5
고속터미널역(3호선),8,13.0,1420.5,2100.8076923076924,1299.0,2248.0,1336.1527410576596,949.0
고속터미널역(3호선),9,13.0,1420.5,2100.8076923076924,1299.0,2248.0,1336.1527410576596,949.0
고속터미널역(3호선),10,13.0,657.5,1157.8846153846155,556.0,1131.0,931.1916459087552,575.0
고속터미널역(3호선),11,13.0,657.5,1157.8846153846155,556.0,1131.0,931.1916459087552,575.0
고속터미널역(3호선),12,13.0,156.0,323.9230769230769,104.5,300.0,383.020987575194,195.5
군자(능동)역(5호선),1,16.0,1129.25,1115.4375,959.25,1208.25,209.57113947297228,249.0
군자(능동)역(5호선),2,16.0,1129.25,1115.4375,959.25,1208.25,209.57113947297228,249.0
군자(능동)역(5호선),3,17.0,1079.0,1061.4117647058824,864.0,1254.5,252.88808266294632,390.5
군자(능동)역(5호선),4,17.0,1079.0,1061.4117647058824,864.0,1254.5,252.88808266294632,390.5
군자(능동)역(5호선),5,16.0,1279.0,1213.4375,1020.75,1378.125,252.85436355077337,357.375
군자(능동)역(5호선),6,16.0,1279.0,1213.4375,1020.75,1378.125,252.85436355077337,357.375
군자(능동)역(5호선),7,16.0,1450.75,1338.15625,1073.75,1646.0,343.70354079981973,572.25
군자(능동)역(5호선),8,16.0,1450.75,1338.15625,1073.75,1646.0,343.70354079981973,572.25
군자(능동)역(5호선),9,16.0,1488.25,1429.71875,1312.875,1722.25,474.27650053353193,409.375
군자(능동)역(5호선),10,16.0,1488.25,1429.71875,1312.875,1722.25,474.27650053353193,409.375
군자(능동)역(5호선),11,16.0,1301.75,1236.96875,1028.0,1381.75,246.31595351972908,353.75
군자(능동)역(5호선),12,16.0,1301.75,1236.96875,1028.0,1381.75,246.31595351972908,353.75
굽은다리(강동구민회관앞)역,1,18.0,376.0,359.52777777777777,336.5,427.125,117.30208265317049,90.625
굽은다리(강동구민회관앞)역,2,18.0,376.0,359.52777777777777,336.5,427.125,117.30208265317049,90.625
굽은다리(강동구민회관앞)역,3,18.0,357.5,344.8888888888889,313.75,417.875,110.94918756900485,104.125
굽은다리(강동구민회관앞)역,4,18.0,357.5,344.8888888888889,313.75,417.875,110.94918756900485,104.125
굽은다리(강동구민회관앞)역,5,18.0,394.5,370.6666666666667,351.375,472.25,142.4257288389079,120.875
굽은다리(강동구민회관앞)역,6,18.0,394.5,370.6666666666667,351.375,472.25,142.4257288389079,120.875
굽은다리(강동구민회관앞)역,7,18.0,455.25,409.77777777777777,395.25,488.25,159.31066784396108,93.0
굽은다리(강동구민회관앞)역,8,18.0,455.25,409.77777777777777,395.25,488.25,159.31066784396108,93.0
굽은다리(강동구민회관앞)역,9,18.0,472.0,418.44444444444446,376.625,510.5,169.14724605997344,133.875
굽은다리(강동구민회관앞)역,10,18.0,472.0,418.44444444444446,376.625,510.5,169.14724605997344,133.875
굽은다리(강동구민회관앞)역,11,18.0,393.75,364.1111111111111,350.5,438.75,127.13084454209736,88.25
굽은다리(강동구민회관앞)역,12,18.0,393.75,364.1111111111111,350.5,438.75,127.13084454209736,88.25
길동역,1,16.0,110.25,132.75,89.375,200.625,79.93726707028873,111.25
길동역,2,16.0,99.5,122.9375,84.625,150.375,59.70786519937442,65.75
길동역,3,16.0,99.5,122.9375,84.625,150.375,59.70786519937442,65.75
길동역,4,16.0,105.25,128.875,85.875,170.75,69.62434918905885,84.875
길동역,5,16.0,105.25,128.875,85.875,170.75,69.62434918905885,84.875
길동역,6,17.0,114.5,124.08823529411765,65.5,178.0,72.12645910441726,112.5
길동역,7,17.0,114.5,124.08823529411765,65.5,178.0,72.12645910441726,112.5
길동역,8,15.0,192.5,168.26666666666668,65.5,237.0,104.60535814374401,171.5
길동역,9,15.0,192.5,168.26666666666668,65.5,237.0,104.60535814374401,171.5
길동역,10,18.0,102.5,125.05555555555556,54.5,198.75,98.25909460809527,144.25
길동역,11,18.0,102.5,125.05555555555556,54.5,198.75,98.25909460809527,144.25
길동역,12,16.0,110.25,132.75,89.375,200.625,79.93726707028873,111.25
길음역,1,18.0,170.75,285.30555555555554,84.5,542.625,219.55162456623546,458.125
길음역,2,17.0,191.5,293.2647058823529,80.0,544.0,223.61588981212984,464.0
길음역,3,18.0,198.75,288.19444444444446,98.0,497.0,210.4203872705422,399.0
길음역,4,18.0,198.75,288.19444444444446,98.0,497.0,210.4203872705422,399.0
길음역,5,17.0,170.5,356.1764705882353,126.0,538.5,283.135344246819,412.5
길음역,6,18.0,209.75,350.22222222222223,128.0,532.125,275.84081205429203,404.125
길음역,7,18.0,376.75,476.55555555555554,276.125,737.0,258.90839220766014,460.875
길음역,8,18.0,397.25,492.72222222222223,299.25,737.0,252.87867482847685,437.75
길음역,9,18.0,599.75,656.0,447.5,862.75,232.28468841184568,415.25
길음역,10,18.0,599.75,652.1944444444445,446.75,862.75,234.84394936969434,416.0
길음역,11,18.0,342.25,382.1111111111111,172.875,599.5,223.3636941610723,426.625
길음역,12,18.0,302.5,364.25,153.875,599.5,228.58845951519385,445.625
까치산역(5호선),1,18.0,984.75,870.8611111111111,849.875,1129.0,364.0039917991994,279.125
까치산역(5호선),2,18.0,983.0,857.3055555555555,851.375,1014.875,339.0690602434541,163.5
까치산역(5호선),3,18.0,983.0,857.3055555555555,851.375,1014.875,339.0690602434541,163.5
까치산역(5호선),4,18.0,1014.5,904.6666666666666,901.75,1079.5,303.3675697119604,177.75
까치산역(5호선),5,18.0,1014.5,904.6666666666666,901.75,1079.5,303.3675697119604,177.75
까치산역(5호선),6,18.0,997.25,884.6388888888889,884.75,1172.25,394.54899067891637,287.5
까치산역(5호선),7,18.0,997.25,884.6388888888889,884.75,1172.25,394.54899067891637,287.5
까치산역(5호선),8,18.0,1255.5,1073.5,934.25,1387.125,484.21224685049015,452.875
까치산역(5호선),9,18.0,1255.5,1073.5,934.25,1387.125,484.21224685049015,452.875
까치산역(5호선),10,18.0,1023.25,983.7777777777778,899.125,1280.375,425.38115165461494,381.25
까치산역(5호선),11,18.0,1023.25,983.7777777777778,899.125,1280.375,425.38115165461494,381.25
까치산역(5호선),12,18.0,984.75,870.8611111111111,849.875,1129.0,364.0039917991994,279.125
녹사평역,1,18.0,510.0,520.3888888888889,390.75,662.75,209.2015321305072,272.0
녹사평역,2,18.0,502.25,487.5,377.25,623.625,170.17957643411302,246.375
녹사평역,3,18.0,502.25,487.5,377.25,623.625,170.17957643411302,246.375
녹사평역,4,18.0,505.75,503.80555555555554,406.875,649.75,164.82719461595929,242.875
녹사평역,5,18.0,505.75,503.80555555555554,406.875,649.75,164.82719461595929,242.875
녹사평역,6,18.0,548.25,542.2777777777778,420.375,724.5,210.54084571032362,304.125
녹사평역,7,18.0,548.25,542.2777777777778,420.375,724.5,210.54084571032362,304.125
녹사평역,8,18.0,590.0,568.9166666666666,433.375,730.0,204.66962259154315,296.625
녹사평역,9,18.0,590.0,568.9166666666666,433.375,730.0,204.66962259154315,296.625
녹사평역,10,18.0,558.75,583.1388888888889,476.25,781.375,221.16049572489442,305.125
녹사평역,11,18.0,558.75,583.1388888888889,476.25,781.375,221.16049572489442,305.125
녹사평역,12,18.0,510.0,520.3888888888889,390.75,662.75,209.2015321305072,272.0
답십리역,1,16.0,743.5,754.59375,632.25,827.5,175.58475814166405,195.25
답십리역,2,16.0,743.5,754.59375,632.25,827.5,175.58475814166405,195.25
답십리역,3,17.0,662.5,687.9117647058823,573.5,763.5,162.89742125933478,190.0
답십리역,4,17.0,662.5,687.9117647058823,573.5,763.5,162.89742125933478,190.0
답십리역,5,16.0,749.75,743.25,680.875,833.375,154.86843879026267,152.5
답십리역,6,16.0,749.75,743.25,680.875,833.375,154.86843879026267,152.5
답십리역,7,16.0,811.0,840.625,730.25,894.625,164.83431074870305,164.375
답십리역,8,16.0,811.0,840.625,730.25,894.625,164.83431074870305,164.375
답십리역,9,16.0,902.5,878.6875,822.875,938.5,92.63600361990292,115.625
답십리역,10,16.0,902.5,878.6875,822.875,938.5,92.63600361990292,115.625
답십리역,11,16.0,793.75,774.75,701.75,842.375,107.54363455515781,140.625
답십리역,12,16.0,793.75,774.75,701.75,842.375,107.54363455515781,140.625
대청역,1,18.0,258.25,291.02777777777777,235.75,305.0,132.78304642649474,69.25
대청역,2,18.0,258.25,291.02777777777777,235.75,305.0,132.78304642649474,69.25
대청역,3,18.0,274.5,300.8333333333333,227.875,300.625,119.59711780906466,72.75
대청역,4,18.0,274.5,300.8333333333333,227.875,300.625,119.59711780906466,72.75
대청역,5,18.0,311.0,345.0,268.875,357.875,136.06443110440253,89.0
대청역,6,18.0,311.0,345.0,268.875,357.875,136.06443110440253,89.0
대청역,7,18.0,429.25,499.05555555555554,319.625,497.25,339.32527726482397,177.625
대청역,8,18.0,429.25,499.05555555555554,319.625,497.25,339.32527726482397,177.625
대청역,9,18.0,487.5,625.8611111111111,373.625,636.875,505.77444419295523,263.25
대청역,10,18.0,487.5,625.8611111111111,373.625,636.875,505.77444419295523,263.25
대청역,11,18.0,337.75,369.19444444444446,289.5,407.75,110.3753141210491,118.25
대청역,12,18.0,337.75,369.19444444444446,289.5,407.75,110.3753141210491,118.25
대치역,1,36.0,234.75,278.375,174.5,363.5,130.29030086694866,189.0
대치역,2,36.0,224.5,265.4583333333333,153.625,363.5,134.5140128122611,209.875
대치역,3,36.0,205.75,233.59722222222223,146.875,283.875,101.33761249580141,137.0
대치역,4,36.0,174.0,228.33333333333334,158.625,294.125,102.98966661064316,135.5
대치역,5,36.0,192.75,266.59722222222223,164.375,377.25,133.9443818181073,212.875
대치역,6,36.0,256.5,301.93055555555554,200.125,408.625,121.52954683519664,208.5
대치역,7,36.0,299.5,403.19444444444446,235.875,535.375,218.06677475940313,299.5
대치역,8,36.0,413.0,487.25,315.0,652.25,238.1781895976204,337.25
대치역,9,36.0,397.5,522.4305555555555,283.75,760.125,306.04794565505995,476.375
대치역,10,36.0,423.5,493.125,233.5,704.875,303.984430404867,471.375
대치역,11,36.0,374.25,360.3611111111111,177.875,462.75,193.5361395233131,284.875
대치역,12,36.0,234.75,288.4583333333333,170.75,384.25,148.08975921958373,213.5
돌곶이역,1,1.0,183.5,183.5,183.5,183.5,0.0,0.0
돌곶이역,2,1.0,183.5,183.5,183.5,183.5,0.0,0.0
돌곶이역,3,2.0,228.25,228.25,216.375,240.125,33.58757210636101,23.75
돌곶이역,4,2.0,228.25,228.25,216.375,240.125,33.58757210636101,23.75
돌곶이역,5,1.0,209.5,209.5,209.5,209.5,0.0,0.0
돌곶이역,6,1.0,209.5,209.5,209.5,209.5,0.0,0.0
돌곶이역,7,1.0,208.0,208.0,208.0,208.0,0.0,0.0
돌곶이역,8,1.0,208.0,208.0,208.0,208.0,0.0,0.0
돌곶이역,9,1.0,201.5,201.5,201.5,201.5,0.0,0.0
돌곶이역,10,1.0,201.5,201.5,201.5,201.5,0.0,0.0
돌곶이역,11,1.0,191.5,191.5,191.5,191.5,0.0,0.0
돌곶이역,12,1.0,191.5,191.5,191.5,191.5,0.0,0.0
동대문역(1호선),1,18.0,1086.5,1176.6666666666667,914.75,1269.875,464.21125388694975,355.125
동대문역(1호선),2,18.0,1086.5,1176.6666666666667,914.75,1269.875,464.21125388694975,355.125
동대문역(1호선),3,18.0,984.25,1162.888888888889,871.625,1233.875,648.9574117168416,362.25
동대문역(1호선),4,18.0,984.25,1162.888888888889,871.625,1233.875,648.9574117168416,362.25
동대문역(1호선),5,18.0,1207.0,1184.2222222222222,1041.25,1314.0,330.16761439422135,272.75
동대문역(1호선),6,18.0,1207.0,1184.2222222222222,1041.25,1314.0,330.16761439422135,272.75
동대문역(1호선),7,18.0,1601.75,1591.0555555555557,1468.25,1641.5,202.53321360798847,173.25
동대문역(1호선),8,18.0,1601.75,1591.0555555555557,1468.25,1641.5,202.53321360798847,173.25
동대문역(1호선),9,18.0,1833.5,1923.888888888889,1761.375,2022.875,338.01838427010915,261.5
동대문역(1호선),10,18.0,1833.5,1923.888888888889,1761.375,2022.875,338.01838427010915,261.5
동대문역(1호선),11,18.0,1372.75,1453.5555555555557,1287.0,1541.625,308.52637835976174,254.625
동대문역(1호선),12,18.0,1372.75,1453.5555555555557,1287.0,1541.625,308.52637835976174,254.625
동대문역사문화공원역(2호선),1,17.0,939.5,850.9117647058823,651.0,1025.0,278.9541984859543,374.0
동대문역사문화공원역(2호선),2,17.0,939.5,850.9117647058823,651.0,1025.0,278.9541984859543,374.0
동대문역사문화공원역(2호선),3,18.0,677.0,765.2777777777778,547.25,978.625,284.27307823031003,431.375
동대문역사문화공원역(2호선),4,18.0,677.0,765.2777777777778,547.25,978.625,284.27307823031003,431.375
동대문역사문화공원역(2호선),5,18.0,935.75,957.1944444444445,711.625,1242.625,282.67738516720317,531.0
동대문역사문화공원역(2호선),6,18.0,935.75,957.1944444444445,711.625,1242.625,282.67738516720317,531.0
동대문역사문화공원역(2호선),7,18.0,1061.25,1048.4444444444443,763.875,1420.5,364.23153951722105,656.625
동대문역사문화공원역(2호선),8,18.0,1061.25,1048.4444444444443,763.875,1420.5,364.23153951722105,656.625
동대문역사문화공원역(2호선),9,18.0,949.0,1059.0555555555557,697.625,1496.125,430.7446660380851,798.5
동대문역사문화공원역(2호선),10,18.0,949.0,1059.0555555555557,697.625,1496.125,430.7446660380851,798.5
동대문역사문화공원역(2호선),11,18.0,1071.5,965.5277777777778,630.375,1174.0,325.35453387407756,543.625
동대문역사문화공원역(2호선),12,18.0,1071.5,965.5277777777778,630.375,1174.0,325.35453387407756,543.625
동대문역사문화공원역(4호선),1,18.0,1081.25,977.5277777777778,727.375,1209.875,320.4989433873664,482.5
동대문역사문화공원역(4호선),2,18.0,1081.25,977.5277777777778,727.375,1209.875,320.4989433873664,482.5
동대문역사문화공원역(4호선),3,18.0,956.25,996.0277777777778,800.125,1139.5,215.3375921542062,339.375
동대문역사문화공원역(4호선),4,18.0,956.25,996.0277777777778,800.125,1139.5,215.3375921542062,339.375
동대문역사문화공원역(4호선),5,18.0,1203.25,1210.111111111111,954.375,1398.25,358.6323512996183,443.875
동대문역사문화공원역(4호선),6,18.0,1203.25,1210.111111111111,954.375,1398.25,358.6323512996183,443.875
동대문역사문화공원역(4호선),7,18.0,1720.75,1765.5,1434.5,1953.75,630.0101773220904,519.25
동대문역사문화공원역(4호선),8,18.0,1720.75,1765.5,1434.5,1953.75,630.0101773220904,519.25
동대문역사문화공원역(4호선),9,18.0,1771.0,1754.7777777777778,1456.5,2223.125,581.3601501504954,766.625
동대문역사문화공원역(4호선),10,18.0,1771.0,1754.7777777777778,1456.5,2223.125,581.3601501504954,766.625
동대문역사문화공원역(4호선),11,18.0,1160.75,1113.611111111111,878.0,1358.25,393.42932527574516,480.25
동대문역사문화공원역(4호선),12,18.0,1160.75,1113.611111111111,878.0,1358.25,393.42932527574516,480.25
동대문역사문화공원역(5호선),1,16.0,375.75,375.4375,336.625,408.0,49.320001013787504,71.375
동대문역사문화공원역(5호선),2,16.0,375.75,375.4375,336.625,408.0,49.320001013787504,71.375
동대문역사문화공원역(5호선),3,17.0,335.0,328.7647058823529,286.0,377.0,72.87384597007755,91.0
동대문역사문화공원역(5호선),4,17.0,335.0,328.7647058823529,286.0,377.0,72.87384597007755,91.0
동대문역사문화공원역(5호선),5,16.0,387.75,380.09375,360.375,396.75,38.0040430963163,36.375
동대문역사문화공원역(5호선),6,16.0,387.75,380.09375,360.375,396.75,38.0040430963163,36.375
동대문역사문화공원역(5호선),7,16.0,429.0,475.40625,415.0,493.125,101.59038976038367,78.125
동대문역사문화공원역(5호선),8,16.0,429.0,475.40625,415.0,493.125,101.59038976038367,78.125
동대문역사문화공원역(5호선),9,16.0,547.5,552.1875,476.0,596.75,121.94846930842004,120.75
동대문역사문화공원역(5호선),10,16.0,547.5,552.1875,476.0,596.75,121.94846930842004,120.75
동대문역사문화공원역(5호선),11,16.0,406.75,409.3125,372.75,429.875,75.85026367785414,57.125
동대문역사문화공원역(5호선),12,16.0,406.75,409.3125,372.75,429.875,75.85026367785414,57.125
동대입구역,1,36.0,269.0,320.90277777777777,184.625,434.625,192.68059504358297,250.0
동대입구역,2,36.0,240.0,254.68055555555554,136.625,342.0,131.08651193433712,205.375
동대입구역,3,36.0,183.5,221.58333333333334,108.125,285.375,136.4134733605362,177.25
동대입구역,4,36.0,209.25,264.81944444444446,127.625,414.875,181.57246301517424,287.25
동대입구역,5,36.0,234.5,281.8333333333333,155.75,414.875,174.03887086346134,259.125
동대입구역,6,36.0,257.25,319.6111111111111,167.125,442.125,218.08678191134015,275.0
동대입구역,7,36.0,283.0,343.09722222222223,180.25,442.125,209.3554332245402,261.875
동대입구역,8,36.0,394.0,447.5833333333333,202.375,730.75,297.44811072089294,528.375
동대입구역,9,36.0,436.0,499.81944444444446,339.75,730.75,264.5492973983644,391.0
동대입구역,10,36.0,438.5,493.8888888888889,318.125,660.25,254.1226113263076,342.125
동대입구역,11,36.0,413.5,490.9583333333333,298.25,660.25,254.35999165973973,362.0
동대입구역,12,36.0,378.75,377.6111111111111,235.375,477.375,174.13816809448062,242.0
동묘앞(역),1,18.0,718.75,734.6388888888889,655.875,767.375,96.0532642608433,111.5
동묘앞(역),2,18.0,669.0,681.3888888888889,638.75,755.0,69.79393104316104,116.25
동묘앞(역),3,18.0,669.0,681.3888888888889,638.75,755.0,69.79393104316104,116.25
동묘앞(역),4,18.0,705.75,711.4166666666666,638.25,753.25,137.18378076829038,115.0
동묘앞(역),5,18.0,705.75,711.4166666666666,638.25,753.25,137.18378076829038,115.0
동묘앞(역),6,18.0,744.5,761.2777777777778,727.25,795.375,65.93004809515965,68.125
동묘앞(역),7,18.0,744.5,761.2777777777778,727.25,795.375,65.93004809515965,68.125
동묘앞(역),8,18.0,1166.75,1148.5833333333333,1046.375,1239.75,137.3560476409008,193.375
동묘앞(역),9,18.0,1166.75,1148.5833333333333,1046.375,1239.75,137.3560476409008,193.375
동묘앞(역),10,18.0,888.25,910.3611111111111,835.25,1011.125,159.95898422404076,175.875
동묘앞(역),11,18.0,888.25,910.3611111111111,835.25,1011.125,159.95898422404076,175.875
동묘앞(역),12,18.0,718.75,734.6388888888889,655.875,767.375,96.0532642608433,111.5
마포역,1,16.0,704.0,667.0,633.375,721.125,194.20968050022637,87.75
마포역,2,16.0,704.0,667.0,633.375,721.125,194.20968050022637,87.75
마포역,3,16.0,683.0,673.125,626.875,714.375,88.92215696889049,87.5
마포역,4,16.0,683.0,673.125,626.875,714.375,88.92215696889049,87.5
마포역,5,15.0,717.5,711.5333333333333,658.75,768.75,97.33235893184802,110.0
마포역,6,15.0,717.5,711.5333333333333,658.75,768.75,97.33235893184802,110.0
마포역,7,15.0,838.5,786.7333333333333,681.75,902.25,157.01101720519335,220.5
마포역,8,15.0,838.5,786.7333333333333,681.75,902.25,157.01101720519335,220.5
마포역,9,15.0,833.0,871.1333333333333,790.0,965.25,201.150393865836,175.25
마포역,10,15.0,833.0,871.1333333333333,790.0,965.25,201.150393865836,175.25
마포역,11,15.0,754.0,780.5666666666667,703.5,843.5,123.98385071490254,140.0
마포역,12,15.0,754.0,780.5666666666667,703.5,843.5,123.98385071490254,140.0
먹골역,1,17.0,523.0,521.2647058823529,482.5,578.0,83.51424235704104,95.5
먹골역,2,17.0,523.0,521.2647058823529,482.5,578.0,83.51424235704104,95.5
먹골역,3,17.0,564.5,567.4117647058823,514.0,597.5,127.16933043364338,83.5
먹골역,4,17.0,564.5,567.4117647058823,514.0,597.5,127.16933043364338,83.5
먹골역,5,16.0,646.25,696.65625,603.375,715.375,228.77526955143847,112.0
먹골역,6,16.0,646.25,696.65625,603.375,715.375,228.77526955143847,112.0
먹골역,7,16.0,687.75,691.21875,549.375,767.75,183.08422185340459,218.375
먹골역,8,16.0,687.75,691.21875,549.375,767.75,183.08422185340459,218.375
먹골역,9,15.0,723.0,703.9,570.0,817.25,178.8464225449949,247.25
먹골역,10,15.0,723.0,703.9,570.0,817.25,178.8464225449949,247.25
먹골역,11,16.0,590.75,573.71875,525.875,622.5,66.74652768746351,96.625
먹골역,12,16.0,590.75,573.71875,525.875,622.5,66.74652768746351,96.625
명동역,1,36.0,860.75,905.1805555555555,579.0,1049.0,455.1390706268922,470.0
명동역,2,36.0,761.75,850.2638888888889,508.25,1029.875,480.217978572694,521.625
명동역,3,36.0,748.5,771.6666666666666,492.0,899.625,385.81227855747966,407.625
명동역,4,36.0,689.75,751.0138888888889,430.0,892.0,398.9365772384505,462.0
명동역,5,36.0,689.75,817.6805555555555,445.0,1019.5,480.5081856412583,574.5
명동역,6,36.0,797.75,851.0138888888889,508.0,1028.125,467.4362215641389,520.125
명동역,7,36.0,821.5,1093.986111111111,514.0,1564.5,683.7756052777956,1050.5
명동역,8,36.0,1097.25,1208.4583333333333,771.625,1564.5,604.9332120750428,792.875
명동역,9,36.0,1222.25,1375.0833333333333,794.5,1750.125,797.6496411332485,955.625
명동역,10,36.0,1346.75,1465.4444444444443,910.75,1790.25,751.603958951196,879.5
명동역,11,36.0,1044.75,1139.0972222222222,792.125,1418.75,448.3313000042403,626.625
명동역,12,36.0,919.5,976.5,617.0,1233.5,495.5636905873668,616.5
문정역,1,18.0,431.0,453.27777777777777,365.875,581.125,144.90567136855356,215.25
문정역,2,18.0,437.75,431.52777777777777,310.625,539.875,119.70005064402858,229.25
문정역,3,18.0,437.75,431.52777777777777,310.625,539.875,119.70005064402858,229.25
문정역,4,18.0,472.5,481.77777777777777,354.5,586.5,130.60382642604384,232.0
문정역,5,18.0,472.5,481.77777777777777,354.5,586.5,130.60382642604384,232.0
문정역,6,18.0,478.25,494.1111111111111,404.0,557.75,112.11018156464432,153.75
문정역,7,18.0,478.25,494.1111111111111,404.0,557.75,112.11018156464432,153.75
문정역,8,18.0,500.25,555.2777777777778,411.0,699.375,184.6565350798948,288.375
문정역,9,18.0,500.25,555.2777777777778,411.0,699.375,184.6565350798948,288.375
문정역,10,18.0,483.5,506.25,392.875,611.75,151.9022760546669,218.875
문정역,11,18.0,483.5,506.25,392.875,611.75,151.9022760546669,218.875
문정역,12,18.0,431.0,453.27777777777777,365.875,581.125,144.90567136855356,215.25
미아역,1,36.0,517.25,523.8888888888889,330.75,708.125,203.22166332466736,377.375
미아역,2,36.0,393.25,473.77777777777777,313.125,708.125,218.2503950068245,395.0
미아역,3,36.0,403.25,482.1666666666667,328.125,725.25,208.99579626667818,397.125
미아역,4,36.0,393.25,487.5833333333333,328.375,725.25,202.25311228401756,396.875
미아역,5,36.0,393.25,550.625,338.875,814.125,287.2925431631369,475.25
미아역,6,36.0,497.5,585.0416666666666,367.5,814.125,267.5262971052699,446.625
미아역,7,36.0,497.5,721.8611111111111,392.625,988.75,465.07521067812417,596.125
미아역,8,36.0,652.5,797.0694444444445,454.25,988.75,434.86817629480345,534.5
미아역,9,36.0,656.0,860.5972222222222,436.5,1029.125,585.4107571299762,592.625
미아역,10,36.0,883.5,879.625,369.875,1083.5,602.4096894378206,713.625
미아역,11,36.0,771.75,701.1388888888889,334.125,1029.5,350.0884502748884,695.375
미아역,12,36.0,527.75,617.1805555555555,330.625,918.375,324.1371877280574,587.75
방이역,1,18.0,386.25,394.22222222222223,340.375,442.875,128.88015662328252,102.5
방이역,2,18.0,386.25,394.22222222222223,340.375,442.875,128.88015662328252,102.5
방이역,3,18.0,364.75,346.0,317.75,390.625,97.32374717768467,72.875
방이역,4,18.0,364.75,346.0,317.75,390.625,97.32374717768467,72.875
방이역,5,18.0,429.0,406.0833333333333,371.0,511.125,151.89046459634693,140.125
방이역,6,18.0,429.0,406.0833333333333,371.0,511.125,151.89046459634693,140.125
방이역,7,18.0,459.75,438.69444444444446,384.5,578.5,194.6472026429664,194.0
방이역,8,18.0,459.75,438.69444444444446,384.5,578.5,194.6472026429664,194.0
방이역,9,18.0,508.25,464.9166666666667,334.625,586.625,243.77733632534907,252.0
방이역,10,18.0,508.25,464.9166666666667,334.625,586.625,243.77733632534907,252.0
방이역,11,18.0,432.0,468.02777777777777,368.375,494.0,290.612359167076,125.625
방이역,12,18.0,432.0,468.02777777777777,368.375,494.0,290.612359167076,125.625
방화역,1,18.0,439.75,474.1388888888889,423.125,498.125,108.28961787664264,75.0
방화역,2,18.0,439.75,474.1388888888889,423.125,498.125,108.28961787664264,75.0
방화역,3,18.0,451.25,442.3611111111111,419.25,466.375,52.982740129536396,47.125
방화역,4,18.0,451.25,442.3611111111111,419.25,466.375,52.982740129536396,47.125
방화역,5,18.0,484.75,474.25,415.375,527.625,65.12392033653994,112.25
방화역,6,18.0,484.75,474.25,415.375,527.625,65.12392033653994,112.25
방화역,7,18.0,666.5,638.7777777777778,493.75,743.125,155.98719991059428,249.375
방화역,8,18.0,666.5,638.7777777777778,493.75,743.125,155.98719991059428,249.375
방화역,9,18.0,633.75,637.8611111111111,481.125,711.75,164.5322072489828,230.625
방화역,10,18.0,633.75,637.8611111111111,481.125,711.75,164.5322072489828,230.625
방화역,11,18.0,474.25,480.19444444444446,414.875,525.0,103.68137544602253,110.125
방화역,12,18.0,474.25,480.19444444444446,414.875,525.0,103.68137544602253,110.125
버티고개역,1,18.0,170.0,168.08333333333334,142.875,185.75,26.695587870745715,42.875
버티고개역,2,18.0,170.0,168.08333333333334,142.875,185.75,26.695587870745715,42.875
버티고개역,3,18.0,169.0,163.02777777777777,136.0,180.875,28.8833720851035,44.875
버티고개역,4,18.0,169.0,163.02777777777777,136.0,180.875,28.8833720851035,44.875
버티고개역,5,18.0,197.25,188.97222222222223,161.625,213.75,27.962407654386013,52.125
버티고개역,6,18.0,197.25,188.97222222222223,161.625,213.75,27.962407654386013,52.125
버티고개역,7,18.0,187.0,176.94444444444446,148.875,202.125,34.50570664179583,53.25
버티고개역,8,18.0,187.0,176.94444444444446,148.875,202.125,34.50570664179583,53.25
버티고개역,9,18.0,172.5,168.80555555555554,145.75,193.125,37.14603093708781,47.375
버티고개역,10,18.0,172.5,168.80555555555554,145.75,193.125,37.14603093708781,47.375
버티고개역,11,18.0,188.75,183.52777777777777,163.75,198.375,35.41745673859242,34.625
버티고개역,12,18.0,188.75,183.52777777777777,163.75,198.375,35.41745673859242,34.625
보문역,1,36.0,21.0,169.94444444444446,4.0,447.125,223.93269964043657,443.125
보문역,2,36.0,21.0,169.94444444444446,4.0,447.125,223.93269964043657,443.125
보문역,3,36.0,39.5,178.61111111111111,3.5,420.625,222.37288860673098,417.125
보문역,4,36.0,39.5,178.61111111111111,3.5,420.625,222.37288860673098,417.125
보문역,5,36.0,51.5,223.65277777777777,4.375,536.0,282.35653296205,531.625
보문역,6,36.0,51.5,223.65277777777777,4.375,536.0,282.35653296205,531.625
보문역,7,36.0,48.5,232.01388888888889,4.875,545.75,292.2070079855598,540.875
보문역,8,36.0,48.5,232.01388888888889,4.875,545.75,292.2070079855598,540.875
보문역,9,36.0,45.0,252.30555555555554,5.625,584.0,319.05011424042056,578.375
보문역,10,36.0,45.0,252.30555555555554,5.625,584.0,319.05011424042056,578.375
보문역,11,36.0,55.5,215.83333333333334,5.25,509.125,263.79009512435124,503.875
보문역,12,36.0,55.5,215.83333333333334,5.25,509.125,263.79009512435124,503.875
복정역,1,18.0,505.75,487.80555555555554,468.5,565.5,156.3989185769075,97.0
복정역,2,17.0,472.0,471.1470588235294,462.5,496.0,55.65764904358451,33.5
복정역,3,17.0,472.0,471.1470588235294,462.5,496.0,55.65764904358451,33.5
복정역,4,17.0,580.5,578.1470588235294,544.0,605.5,60.25538479720152,61.5
복정역,5,17.0,580.5,578.1470588235294,544.0,605.5,60.25538479720152,61.5
복정역,6,17.0,603.5,591.9117647058823,554.0,660.5,152.42254542206405,106.5
복정역,7,17.0,603.5,591.9117647058823,554.0,660.5,152.42254542206405,106.5
복정역,8,18.0,869.75,761.0555555555555,632.375,930.0,251.46786070454462,297.625
복정역,9,18.0,869.75,761.0555555555555,632.375,930.0,251.46786070454462,297.625
복정역,10,17.0,658.5,648.8235294117648,489.0,733.5,203.00977048350333,244.5
복정역,11,17.0,658.5,648.8235294117648,489.0,733.5,203.00977048350333,244.5
복정역,12,18.0,505.75,487.80555555555554,468.5,565.5,156.3989185769075,97.0
사가정역,1,16.0,707.5,737.53125,595.5,842.5,161.60512252091516,247.0
사가정역,2,17.0,543.0,637.8823529411765,510.5,752.5,180.87379313797132,242.0
사가정역,3,17.0,543.0,637.8823529411765,510.5,752.5,180.87379313797132,242.0
사가정역,4,17.0,632.0,684.7352941176471,551.0,753.5,249.35291992770124,202.5
사가정역,5,17.0,632.0,684.7352941176471,551.0,753.5,249.35291992770124,202.5
사가정역,6,16.0,714.25,730.375,637.25,802.125,127.83381138545988,164.875
사가정역,7,16.0,714.25,730.375,637.25,802.125,127.83381138545988,164.875
사가정역,8,16.0,897.75,870.46875,679.125,958.625,240.4295093334704,279.5
사가정역,9,16.0,897.75,870.46875,679.125,958.625,240.4295093334704,279.5
사가정역,10,16.0,814.75,818.5625,646.875,843.75,214.35071533975963,196.875
사가정역,11,16.0,814.75,818.5625,646.875,843.75,214.35071533975963,196.875
사가정역,12,16.0,707.5,737.53125,595.5,842.5,161.60512252091516,247.0
삼각지역(6호선),1,18.0,416.25,430.52777777777777,377.25,497.375,122.64109188318837,120.125
삼각지역(6호선),2,17.0,400.5,415.8529411764706,372.5,494.0,108.91421003275387,121.5
삼각지역(6호선),3,18.0,427.0,418.1666666666667,362.75,490.25,92.67828605386676,127.5
삼각지역(6호선),4,18.0,427.0,418.1666666666667,362.75,490.25,92.67828605386676,127.5
삼각지역(6호선),5,17.0,494.5,473.55882352941177,398.0,554.0,109.54278307368958,156.0
삼각지역(6호선),6,18.0,490.0,474.22222222222223,409.5,543.0,106.30937402946152,133.5
삼각지역(6호선),7,18.0,520.25,570.2222222222222,489.0,619.5,133.52618406164896,130.5
삼각지역(6호선),8,18.0,520.25,568.8888888888889,483.75,619.5,134.53794080607844,135.75
삼각지역(6호선),9,18.0,530.5,571.9444444444445,473.375,599.0,153.68310490104676,125.625
삼각지역(6호선),10,18.0,538.75,606.3055555555555,486.25,645.125,191.9228658547712,158.875
삼각지역(6호선),11,18.0,529.75,512.6111111111111,392.375,568.75,172.4551566226758,176.375
삼각지역(6호선),12,18.0,529.75,490.3888888888889,392.375,568.75,109.22003634804962,176.375
삼성역,1,18.0,923.75,1098.888888888889,752.375,1463.75,410.61838428928127,711.375
삼성역,2,18.0,923.75,1098.888888888889,752.375,1463.75,410.61838428928127,711.375
삼성역,3,18.0,870.5,959.7777777777778,743.25,1192.375,309.97704954049436,449.125
삼성역,4,18.0,870.5,959.7777777777778,743.25,1192.375,309.97704954049436,449.125
삼성역,5,18.0,1056.5,1182.9722222222222,923.875,1177.875,440.05940348408785,254.0
삼성역,6,18.0,1056.5,1182.9722222222222,923.875,1177.875,440.05940348408785,254.0
삼성역,7,18.0,1590.0,1678.111111111111,1473.25,1873.375,372.75806518893546,400.125
삼성역,8,18.0,1590.0,1678.111111111111,1473.25,1873.375,372.75806518893546,400.125
삼성역,9,18.0,1714.75,1616.2777777777778,1333.25,1781.25,358.4687295502349,448.0
삼성역,10,18.0,1714.75,1616.2777777777778,1333.25,1781.25,358.4687295502349,448.0
삼성역,11,18.0,974.25,1042.8333333333333,852.25,1319.375,413.30105819593825,467.125
삼성역,12,18.0,974.25,1042.8333333333333,852.25,1319.375,413.30105819593825,467.125
상계역,1,36.0,605.75,588.3055555555555,416.5,740.25,192.5904714219779,323.75
상계역,2,36.0,582.25,562.3888888888889,371.125,740.25,214.25232491191016,369.125
상계역,3,36.0,541.0,548.6805555555555,371.125,735.875,198.16761133580755,364.75
상계역,4,36.0,488.5,541.8333333333334,371.0,735.875,203.4201844177992,364.875
상계역,5,36.0,538.75,589.4166666666666,371.0,844.25,245.93319359998097,473.25
상계역,6,36.0,560.75,613.2083333333334,423.125,844.25,222.877588920145,421.125
상계역,7,36.0,525.25,633.7361111111111,423.125,853.625,248.76987317918403,430.5
상계역,8,36.0,548.0,643.9722222222222,438.0,853.625,240.92933001918232,415.625
상계역,9,36.0,522.5,637.4166666666666,420.375,852.625,240.5500393443564,432.25
상계역,10,36.0,515.0,634.1388888888889,423.25,852.625,244.84122000977086,429.375
상계역,11,36.0,600.0,637.7361111111111,430.5,826.25,245.1504927331405,395.75
상계역,12,36.0,674.5,639.75,416.5,826.25,242.59977328925928,409.75
상봉역,1,16.0,745.5,794.3125,546.375,896.125,552.0015964650827,349.75
상봉역,2,15.0,753.5,718.5666666666667,620.5,814.75,302.43634906884995,194.25
상봉역,3,15.0,753.5,718.5666666666667,620.5,814.75,302.43634906884995,194.25
상봉역,4,15.0,866.0,821.5666666666667,791.25,998.0,285.4213593635774,206.75
상봉역,5,15.0,866.0,821.5666666666667,791.25,998.0,285.4213593635774,206.75
상봉역,6,15.0,923.5,811.4333333333333,752.25,985.25,342.69566187313586,233.0
상봉역,7,15.0,923.5,811.4333333333333,752.25,985.25,342.69566187313586,233.0
상봉역,8,16.0,1065.0,950.46875,857.875,1196.625,378.52905959560536,338.75
상봉역,9,16.0,1065.0,950.46875,857.875,1196.625,378.52905959560536,338.75
상봉역,10,17.0,903.0,775.0294117647059,412.5,1004.0,417.7808737315321,591.5
상봉역,11,17.0,903.0,775.0294117647059,412.5,1004.0,417.7808737315321,591.5
상봉역,12,16.0,745.5,794.3125,546.375,896.125,552.0015964650827,349.75
서울대입구역,1,36.0,1056.25,1089.9305555555557,734.75,1420.625,417.2403410296513,685.875
서울대입구역,2,36.0,982.75,1004.2916666666666,734.75,1135.625,352.1217803747529,400.875
서울대입구역,3,36.0,972.0,957.6388888888889,568.625,1135.625,392.4536480567047,567.0
서울대입구역,4,36.0,1002.5,1020.5555555555555,568.625,1370.625,430.69954356302355,802.0
서울대입구역,5,35.0,1027.5,1063.4714285714285,712.0,1377.25,397.6270596569461,665.25
서울대입구역,6,34.0,1055.25,1310.1323529411766,703.75,2061.5,706.1708771320489,1357.75
서울대입구역,7,34.0,1220.5,1436.9705882352941,1059.375,2061.5,615.4297948930225,1002.125
서울대입구역,8,34.0,1292.5,1654.1617647058824,1059.375,2179.875,839.1712426879077,1120.5
서울대입구역,9,34.0,1534.0,1762.75,1112.75,2179.875,759.0989999115179,1067.125
서울대입구역,10,35.0,1503.0,1593.3714285714286,1132.5,2061.5,568.2715452665775,929.0
서울대입구역,11,36.0,1266.25,1491.263888888889,1035.5,2052.5,622.7313854086816,1017.0
서울대입구역,12,36.0,1189.25,1221.1527777777778,1035.5,1420.625,337.1323991601698,385.125
석계역,1,18.0,726.75,750.6111111111111,664.125,851.125,215.12736005852818,187.0
석계역,2,18.0,726.75,750.6111111111111,664.125,851.125,215.12736005852818,187.0
석계역,3,18.0,674.0,681.2222222222222,604.125,779.75,124.23959563755432,175.625
석계역,4,18.0,674.0,681.2222222222222,604.125,779.75,124.23959563755432,175.625
석계역,5,17.0,700.5,710.0588235294117,611.5,849.5,182.99153689045133,238.0
석계역,6,17.0,700.5,710.0588235294117,611.5,849.5,182.99153689045133,238.0
석계역,7,18.0,707.5,725.5,633.75,844.25,171.49772764743938,210.5
석계역,8,18.0,707.5,725.5,633.75,844.25,171.49772764743938,210.5
석계역,9,18.0,843.0,898.8611111111111,719.25,1081.25,239.3755236858382,362.0
석계역,10,18.0,843.0,898.8611111111111,719.25,1081.25,239.3755236858382,362.0
석계역,11,18.0,724.0,745.8055555555555,629.375,881.125,149.18949053122785,251.75
석계역,12,18.0,724.0,745.8055555555555,629.375,881.125,149.18949053122785,251.75
석촌역,1,18.0,480.25,519.4722222222222,446.625,566.75,103.52599449388407,120.125
석촌역,2,18.0,480.25,519.4722222222222,446.625,566.75,103.52599449388407,120.125
석촌역,3,18.0,466.75,487.72222222222223,435.75,543.875,89.44867444225835,108.125
석촌역,4,18.0,466.75,487.72222222222223,435.75,543.875,89.44867444225835,108.125
석촌역,5,18.0,492.75,532.3888888888889,443.625,603.75,115.97547351710335,160.125
석촌역,6,18.0,492.75,532.3888888888889,443.625,603.75,115.97547351710335,160.125
석촌역,7,18.0,502.0,564.2777777777778,481.875,690.875,136.46042544422286,209.0
석촌역,8,18.0,502.0,564.2777777777778,481.875,690.875,136.46042544422286,209.0
석촌역,9,18.0,544.0,602.4444444444445,448.375,694.625,286.6158983772784,246.25
석촌역,10,18.0,544.0,602.4444444444445,448.375,694.625,286.6158983772784,246.25
석촌역,11,18.0,511.0,557.2777777777778,469.125,651.75,113.59929864922042,182.625
석촌역,12,18.0,511.0,557.2777777777778,469.125,651.75,113.59929864922042,182.625
성신여대입구역,1,24.0,393.75,556.0625,242.375,687.875,486.3674874829061,445.5
성신여대입구역,2,24.0,296.0,501.4166666666667,195.625,633.0,450.1277274446585,437.375
성신여대입구역,3,25.0,337.5,488.62,170.5,629.0,446.6349712013156,458.5
성신여대입구역,4,25.0,403.0,593.5,218.0,800.0,485.53376985197093,582.0
성신여대입구역,5,26.0,443.0,601.2115384615385,250.25,786.0,467.8967871887329,535.75
성신여대입구역,6,26.0,443.0,650.4230769230769,305.125,927.375,509.31402282496975,622.25
성신여대입구역,7,25.0,488.5,698.1,393.0,940.0,494.0735016169153,547.0
성신여대입구역,8,25.0,649.0,894.96,393.0,1307.0,601.1112785222606,914.0
성신여대입구역,9,25.0,582.5,888.06,441.0,1307.0,605.4885479236306,866.0
성신여대입구역,10,25.0,517.0,732.84,441.0,1027.0,506.9866393703092,586.0
성신여대입구역,11,25.0,530.5,773.02,445.5,1071.0,541.6601694482129,625.5
성신여대입구역,12,25.0,528.0,627.78,257.5,762.5,509.925486386655,505.0
시청1역,1,36.0,847.25,862.9166666666666,612.875,1069.625,324.59397714683496,456.75
시청1역,2,36.0,679.0,750.7083333333334,540.0,968.5,361.83538828352005,428.5
시청1역,3,36.0,655.5,718.4166666666666,531.5,840.5,339.0710523937845,309.0
시청1역,4,36.0,691.75,726.3888888888889,520.375,840.5,338.06024634483447,320.125
시청1역,5,36.0,759.25,915.5833333333334,564.375,1118.5,510.04324046384255,554.125
시청1역,6,36.0,915.5,1012.7777777777778,749.875,1119.625,444.7016245986008,369.75
시청1역,7,36.0,988.5,1357.1527777777778,756.625,1946.75,823.4450438722537,1190.125
시청1역,8,36.0,1318.0,1496.8055555555557,949.125,1946.75,738.9494210197317,997.625
시청1역,9,36.0,1283.5,1613.375,952.5,2159.625,891.3993122773718,1207.125
시청1역,10,36.0,1505.0,1695.763888888889,1034.375,2159.625,844.3032248640727,1125.25
시청1역,11,36.0,1193.25,1353.236111111111,953.875,1603.5,607.3422838907129,649.625
시청1역,12,36.0,977.25,1138.236111111111,660.625,1360.0,679.9499927632401,699.375
시청2역,1,36.0,749.5,879.0833333333334,607.0,1137.625,368.9324270300534,530.625
시청2역,2,36.0,665.75,728.875,381.375,829.25,404.78726996852487,447.875
시청2역,3,36.0,672.5,730.0138888888889,381.375,885.75,399.39934340941653,504.375
시청2역,4,36.0,655.0,730.5833333333334,440.0,895.125,397.5060915975286,455.125
시청2역,5,36.0,771.0,918.2222222222222,446.375,1369.25,553.1772958418671,922.875
시청2역,6,36.0,891.75,1012.0277777777778,610.625,1369.25,486.1331085272316,758.625
시청2역,7,36.0,983.0,1521.0694444444443,735.875,2472.0,1043.1799471723657,1736.125
시청2역,8,36.0,1481.5,1775.5972222222222,1165.875,2472.0,877.3607892785567,1306.125
시청2역,9,36.0,1506.5,1951.9583333333333,1167.125,2913.25,1083.5363490178154,1746.125
시청2역,10,36.0,1787.75,2040.125,1221.0,2913.25,1040.247919454094,1692.25
시청2역,11,36.0,1498.5,1462.6944444444443,1000.75,1872.5,561.0149893309164,871.75
시청2역,12,36.0,1058.25,1175.8333333333333,714.5,1496.0,619.1438789628327,781.5
신당역(2호선),1,18.0,646.75,558.1666666666666,365.5,698.5,176.07668783799858,333.0
신당역(2호선),2,18.0,646.75,558.1666666666666,365.5,698.5,176.07668783799858,333.0
신당역(2호선),3,18.0,661.25,624.75,506.0,733.125,217.2794520752426,227.125
신당역(2호선),4,18.0,661.25,624.75,506.0,733.125,217.2794520752426,227.125
신당역(2호선),5,18.0,733.75,711.5277777777778,468.125,827.625,267.2956873522732,359.5
신당역(2호선),6,18.0,733.75,711.5277777777778,468.125,827.625,267.2956873522732,359.5
신당역(2호선),7,18.0,1109.25,1100.8055555555557,968.375,1230.625,308.1855408911636,262.25
신당역(2호선),8,18.0,1109.25,1100.8055555555557,968.375,1230.625,308.1855408911636,262.25
신당역(2호선),9,18.0,1482.75,1478.6666666666667,1376.25,1583.625,326.20892799842613,207.375
신당역(2호선),10,18.0,1482.75,1478.6666666666667,1376.25,1583.625,326.20892799842613,207.375
신당역(2호선),11,18.0,734.5,767.4166666666666,560.75,881.25,312.2828304221521,320.5
신당역(2호선),12,18.0,734.5,767.4166666666666,560.75,881.25,312.2828304221521,320.5
신도림역,1,18.0,2231.25,2194.777777777778,2053.375,2409.875,297.2735036085665,356.5
신도림역,2,18.0,2231.25,2194.777777777778,2053.375,2409.875,297.2735036085665,356.5
신도림역,3,18.0,2107.25,2100.9166666666665,1882.875,2263.5,232.18294320997626,380.625
신도림역,4,18.0,2107.25,2100.9166666666665,1882.875,2263.5,232.18294320997626,380.625
신도림역,5,18.0,2644.5,2554.222222222222,2349.0,2716.375,343.2618714892475,367.375
신도림역,6,18.0,2644.5,2554.222222222222,2349.0,2716.375,343.2618714892475,367.375
신도림역,7,18.0,3135.0,3172.6388888888887,2992.875,3395.5,570.476318154543,402.625
신도림역,8,18.0,3135.0,3172.6388888888887,2992.875,3395.5,570.476318154543,402.625
신도림역,9,18.0,3799.75,4043.3611111111113,3308.25,4274.875,1221.3580051049678,966.625
신도림역,10,18.0,3799.75,4043.3611111111113,3308.25,4274.875,1221.3580051049678,966.625
신도림역,11,18.0,2762.5,2713.1388888888887,2544.75,2829.625,340.91843105644335,284.875
신도림역,12,18.0,2762.5,2713.1388888888887,2544.75,2829.625,340.91843105644335,284.875
신용산역,1,36.0,412.0,455.0,327.375,645.75,212.63016181691088,318.375
신용산역,2,36.0,364.5,443.72222222222223,316.125,645.75,218.0441778449117,329.625
신용산역,3,36.0,363.5,418.4583333333333,316.125,596.25,198.6294962630532,280.125
신용산역,4,36.0,349.0,407.02777777777777,287.875,596.25,206.12454433613132,308.375
신용산역,5,36.0,340.25,424.09722222222223,280.375,654.625,234.3095882266038,374.25
신용산역,6,36.0,372.0,431.4166666666667,317.25,654.625,232.90904110525943,337.375
신용산역,7,36.0,397.75,477.68055555555554,326.875,715.375,251.8932356823813,388.5
신용산역,8,36.0,415.0,500.8333333333333,348.75,715.375,230.824577795099,366.625
신용산역,9,36.0,415.0,515.4444444444445,348.75,688.125,255.59752898922324,339.375
신용산역,10,36.0,465.0,522.7222222222222,340.25,688.125,253.71577023017718,347.875
신용산역,11,36.0,465.0,494.6666666666667,340.25,667.25,231.0209947169304,327.0
신용산역,12,36.0,412.0,479.625,327.375,667.25,239.74517349528793,339.875
신정네거리역,1,18.0,432.25,425.8611111111111,371.25,485.875,86.0758566880119,114.625
신정네거리역,2,18.0,432.25,425.8611111111111,371.25,485.875,86.0758566880119,114.625
신정네거리역,3,18.0,422.0,423.94444444444446,377.75,469.5,91.25544123807389,91.75
신정네거리역,4,18.0,422.0,423.94444444444446,377.75,469.5,91.25544123807389,91.75
신정네거리역,5,18.0,484.25,458.3888888888889,384.25,544.875,104.85221470290733,160.625
신정네거리역,6,18.0,484.25,458.3888888888889,384.25,544.875,104.85221470290733,160.625
신정네거리역,7,18.0,685.5,641.5555555555555,577.375,744.625,208.56779747552318,167.25
신정네거리역,8,18.0,685.5,641.5555555555555,577.375,744.625,208.56779747552318,167.25
신정네거리역,9,18.0,783.0,733.5833333333334,612.0,906.875,238.03554171099546,294.875
신정네거리역,10,18.0,783.0,733.5833333333334,612.0,906.875,238.03554171099546,294.875
신정네거리역,11,18.0,521.5,503.72222222222223,415.875,596.375,115.71633956287273,180.5
신정네거리역,12,18.0,521.5,503.72222222222223,415.875,596.375,115.71633956287273,180.5
신풍역,1,18.0,411.5,389.25,354.875,440.125,76.1473513501754,85.25
신풍역,2,18.0,411.5,389.25,354.875,440.125,76.1473513501754,85.25
신풍역,3,18.0,393.0,375.0833333333333,335.125,422.625,74.92687611735779,87.5
신풍역,4,18.0,393.0,375.0833333333333,335.125,422.625,74.92687611735779,87.5
신풍역,5,18.0,455.75,418.19444444444446,388.875,476.625,108.3495349875861,87.75
신풍역,6,18.0,455.75,418.19444444444446,388.875,476.625,108.3495349875861,87.75
신풍역,7,18.0,465.0,439.6111111111111,411.625,484.125,75.77473495510452,72.5
신풍역,8,18.0,465.0,439.6111111111111,411.625,484.125,75.77473495510452,72.5
신풍역,9,18.0,445.5,415.1666666666667,385.0,482.5,108.54424416419542,97.5
신풍역,10,18.0,445.5,415.1666666666667,385.0,482.5,108.54424416419542,97.5
신풍역,11,18.0,438.0,423.8888888888889,391.0,476.5,78.5795878965201,85.5
신풍역,12,18.0,438.0,423.8888888888889,391.0,476.5,78.5795878965201,85.5
쌍문역,1,36.0,470.5,547.0,398.0,759.5,228.3097832832775,361.5
쌍문역,2,36.0,442.75,534.5694444444445,374.125,759.5,230.1074330697908,385.375
쌍문역,3,36.0,465.75,541.0,382.25,735.75,200.4313918954385,353.5
쌍문역,4,36.0,453.25,546.0694444444445,390.375,735.75,193.08340732061802,345.375
쌍문역,5,36.0,455.75,613.0416666666666,390.375,857.25,274.47954321380155,466.875
쌍문역,6,36.0,528.25,645.7222222222222,449.5,857.25,251.97393415205372,407.75
쌍문역,7,36.0,550.5,717.0833333333334,470.125,913.875,351.3369058732251,443.75
쌍문역,8,36.0,651.0,752.0833333333334,492.875,913.875,334.833551399583,421.0
쌍문역,9,36.0,639.5,741.0833333333334,477.375,937.0,337.42130299417335,459.625
쌍문역,10,36.0,662.0,730.8611111111111,465.625,937.0,345.46299390633743,471.375
쌍문역,11,36.0,607.75,641.3194444444445,452.375,859.625,245.66132763791984,407.25
쌍문역,12,36.0,484.0,591.2222222222222,412.0,859.625,268.40852244411855,447.625
아차산(어린이대공원후문)역,1,16.0,897.5,864.875,706.875,984.625,337.24103645118083,277.75
아차산(어린이대공원후문)역,2,17.0,719.0,758.5294117647059,608.0,883.5,211.3645747420375,275.5
아차산(어린이대공원후문)역,3,17.0,719.0,758.5294117647059,608.0,883.5,211.3645747420375,275.5
아차산(어린이대공원후문)역,4,17.0,847.0,824.8529411764706,748.5,918.0,153.62706108319205,169.5
아차산(어린이대공원후문)역,5,17.0,847.0,824.8529411764706,748.5,918.0,153.62706108319205,169.5
아차산(어린이대공원후문)역,6,16.0,903.75,889.125,742.5,1015.5,178.1613968662497,273.0
아차산(어린이대공원후문)역,7,16.0,903.75,889.125,742.5,1015.5,178.1613968662497,273.0
아차산(어린이대공원후문)역,8,16.0,939.25,914.53125,817.5,1046.5,171.99713842096327,229.0
아차산(어린이대공원후문)역,9,16.0,939.25,914.53125,817.5,1046.5,171.99713842096327,229.0
아차산(어린이대공원후문)역,10,16.0,897.5,895.09375,670.875,988.25,229.0535031202681,317.375
아차산(어린이대공원후문)역,11,16.0,897.5,895.09375,670.875,988.25,229.0535031202681,317.375
아차산(어린이대공원후문)역,12,16.0,897.5,864.875,706.875,984.625,337.24103645118083,277.75
안국역,1,18.0,960.5,929.5,713.875,1221.375,386.4309922414426,507.5
안국역,2,18.0,741.0,1246.6944444444443,567.0,984.125,1671.722167133333,417.125
안국역,3,18.0,741.0,1246.6944444444443,567.0,984.125,1671.722167133333,417.125
안국역,4,18.0,922.0,938.75,718.0,1198.25,341.1614353938616,480.25
안국역,5,18.0,922.0,938.75,718.0,1198.25,341.1614353938616,480.25
안국역,6,18.0,1083.5,1109.138888888889,980.375,1248.75,273.6093074158391,268.375
안국역,7,18.0,1083.5,1109.138888888889,980.375,1248.75,273.6093074158391,268.375
안국역,8,18.0,1402.5,1381.0277777777778,1177.625,1541.375,365.9088391864444,363.75
안국역,9,18.0,1402.5,1381.0277777777778,1177.625,1541.375,365.9088391864444,363.75
안국역,10,18.0,1265.0,1215.6666666666667,858.625,1417.75,451.11776211330636,559.125
안국역,11,18.0,1265.0,1215.6666666666667,858.625,1417.75,451.11776211330636,559.125
안국역,12,18.0,960.5,929.5,713.875,1221.375,386.4309922414426,507.5
암사역,1,18.0,709.5,721.8611111111111,630.25,752.625,149.16155922902516,122.375
암사역,2,18.0,637.75,671.4722222222222,585.75,748.0,147.36504017357535,162.25
암사역,3,18.0,637.75,671.4722222222222,585.75,748.0,147.36504017357535,162.25
암사역,4,18.0,725.75,722.6111111111111,636.375,774.125,111.80136739608325,137.75
암사역,5,18.0,725.75,722.6111111111111,636.375,774.125,111.80136739608325,137.75
암사역,6,18.0,743.75,722.5,682.25,833.875,192.44846521784964,151.625
암사역,7,18.0,743.75,722.5,682.25,833.875,192.44846521784964,151.625
암사역,8,18.0,864.5,896.2777777777778,728.125,953.0,240.15394708530943,224.875
암사역,9,18.0,864.5,896.2777777777778,728.125,953.0,240.15394708530943,224.875
암사역,10,18.0,771.5,800.1111111111111,733.875,837.25,168.90142927298606,103.375
암사역,11,18.0,771.5,800.1111111111111,733.875,837.25,168.90142927298606,103.375
암사역,12,18.0,709.5,721.8611111111111,630.25,752.625,149.16155922902516,122.375
암사역사공원,1,2.0,244.5,244.5,221.75,267.25,64.34671708797582,45.5
암사역사공원,2,2.0,244.5,244.5,221.75,267.25,64.34671708797582,45.5
암사역사공원,3,3.0,202.0,162.16666666666666,117.0,227.25,115.52092162605584,110.25
암사역사공원,4,3.0,202.0,162.16666666666666,117.0,227.25,115.52092162605584,110.25
암사역사공원,5,2.0,156.5,156.5,108.25,204.75,136.47160876900367,96.5
암사역사공원,6,2.0,156.5,156.5,108.25,204.75,136.47160876900367,96.5
암사역사공원,7,2.0,221.5,221.5,179.75,263.25,118.08683245815344,83.5
암사역사공원,8,2.0,221.5,221.5,179.75,263.25,118.08683245815344,83.5
암사역사공원,9,2.0,364.5,364.5,363.25,365.75,3.5355339059327378,2.5
암사역사공원,10,2.0,364.5,364.5,363.25,365.75,3.5355339059327378,2.5
암사역사공원,11,3.0,300.0,324.0,231.0,405.0,175.2369823981228,174.0
암사역사공원,12,3.0,300.0,324.0,231.0,405.0,175.2369823981228,174.0
약수역(3호선),1,36.0,355.0,436.27777777777777,301.5,466.625,241.33608588275052,165.125
약수역(3호선),2,36.0,330.75,406.1111111111111,216.5,453.375,267.71997927234963,236.875
약수역(3호선),3,36.0,347.75,393.6388888888889,216.5,520.125,212.56523741837506,303.625
약수역(3호선),4,36.0,356.25,389.22222222222223,253.375,520.125,206.16773491658418,266.75
약수역(3호선),5,36.0,390.0,473.43055555555554,278.875,591.375,291.8758824465774,312.5
약수역(3호선),6,35.0,441.5,519.1142857142858,325.5,660.5,274.2183834988812,335.0
약수역(3호선),7,35.0,674.0,868.7285714285714,347.25,1429.5,615.7321006313534,1082.25
약수역(3호선),8,36.0,839.5,1001.0277777777778,682.125,1427.25,496.16204070335795,745.125
약수역(3호선),9,36.0,813.5,984.2361111111111,652.125,1230.875,442.1513717222565,578.75
약수역(3호선),10,36.0,824.5,991.0,600.0,1230.875,445.0911303157077,630.875
약수역(3호선),11,36.0,626.25,670.0833333333334,554.625,802.25,200.3756650465748,247.625
약수역(3호선),12,36.0,476.75,510.2083333333333,317.75,620.375,236.9763512914919,302.625
약수역(6호선),1,16.0,421.0,421.25,384.625,460.875,62.45932009449564,76.25
약수역(6호선),2,17.0,362.5,414.79411764705884,341.0,415.0,153.60746022975349,74.0
약수역(6호선),3,17.0,362.5,414.79411764705884,341.0,415.0,153.60746022975349,74.0
약수역(6호선),4,17.0,449.0,462.3235294117647,396.5,489.5,131.4065662810071,93.0
약수역(6호선),5,17.0,449.0,462.3235294117647,396.5,489.5,131.4065662810071,93.0
약수역(6호선),6,16.0,512.0,675.375,433.125,553.25,750.6930242560315,120.125
약수역(6호선),7,16.0,512.0,675.375,433.125,553.25,750.6930242560315,120.125
약수역(6호선),8,16.0,636.75,673.0,536.625,742.0,193.02901336327656,205.375
약수역(6호선),9,16.0,636.75,673.0,536.625,742.0,193.02901336327656,205.375
약수역(6호선),10,16.0,463.5,468.46875,414.0,515.75,84.3732715872351,101.75
약수역(6호선),11,16.0,463.5,468.46875,414.0,515.75,84.3732715872351,101.75
약수역(6호선),12,16.0,421.0,421.25,384.625,460.875,62.45932009449564,76.25
양평역,1,18.0,56.75,59.138888888888886,48.0,64.125,16.534105176480768,16.125
양평역,2,18.0,55.25,58.69444444444444,52.25,60.875,22.69305341294147,8.625
양평역,3,18.0,55.25,58.69444444444444,52.25,60.875,22.69305341294147,8.625
양평역,4,18.0,61.75,60.111111111111114,53.0,66.875,10.402991022884823,13.875
양평역,5,18.0,61.75,60.111111111111114,53.0,66.875,10.402991022884823,13.875
양평역,6,18.0,83.0,97.72222222222223,67.25,113.5,52.765079311711844,46.25
양평역,7,18.0,83.0,97.72222222222223,67.25,113.5,52.765079311711844,46.25
양평역,8,18.0,156.25,188.94444444444446,79.25,202.25,173.0175007204634,123.0
양평역,9,18.0,156.25,188.94444444444446,79.25,202.25,173.0175007204634,123.0
양평역,10,18.0,74.75,89.97222222222223,63.0,101.25,49.888544076424594,38.25
양평역,11,18.0,74.75,89.97222222222223,63.0,101.25,49.888544076424594,38.25
양평역,12,18.0,56.75,59.138888888888886,48.0,64.125,16.534105176480768,16.125
어린이대공원(세종대)역,1,17.0,666.5,551.9117647058823,483.0,740.0,264.56864865841754,257.0
어린이대공원(세종대)역,2,17.0,666.5,551.9117647058823,483.0,740.0,264.56864865841754,257.0
어린이대공원(세종대)역,3,17.0,628.0,567.1176470588235,526.0,717.0,245.7097200847326,191.0
어린이대공원(세종대)역,4,17.0,628.0,567.1176470588235,526.0,717.0,245.7097200847326,191.0
어린이대공원(세종대)역,5,16.0,866.25,769.0,640.0,994.125,346.9078648094717,354.125
어린이대공원(세종대)역,6,16.0,866.25,769.0,640.0,994.125,346.9078648094717,354.125
어린이대공원(세종대)역,7,16.0,866.5,753.59375,646.25,958.625,333.8063419983709,312.375
어린이대공원(세종대)역,8,16.0,866.5,753.59375,646.25,958.625,333.8063419983709,312.375
어린이대공원(세종대)역,9,16.0,945.25,845.46875,697.875,1082.25,398.86616254703785,384.375
어린이대공원(세종대)역,10,16.0,945.25,845.46875,697.875,1082.25,398.86616254703785,384.375
어린이대공원(세종대)역,11,16.0,822.75,767.78125,686.5,1001.75,348.9765020145817,315.25
어린이대공원(세종대)역,12,16.0,822.75,767.78125,686.5,1001.75,348.9765020145817,315.25
역삼역,1,17.0,3.0,17.735294117647058,2.0,15.5,31.833118390609933,13.5
역삼역,2,17.0,3.0,17.735294117647058,2.0,15.5,31.833118390609933,13.5
역삼역,3,17.0,3.0,7.852941176470588,1.5,7.0,15.137664848279062,5.5
역삼역,4,17.0,3.0,7.852941176470588,1.5,7.0,15.137664848279062,5.5
역삼역,5,18.0,14.25,16.805555555555557,3.5,20.5,15.660120659974728,17.0
역삼역,6,18.0,14.25,16.805555555555557,3.5,20.5,15.660120659974728,17.0
역삼역,7,18.0,62.0,67.75,4.875,108.75,68.81587752837277,103.875
역삼역,8,18.0,62.0,67.75,4.875,108.75,68.81587752837277,103.875
역삼역,9,18.0,62.75,59.388888888888886,3.5,86.875,58.735587858178036,83.375
역삼역,10,18.0,62.75,59.388888888888886,3.5,86.875,58.735587858178036,83.375
역삼역,11,18.0,4.75,20.444444444444443,3.0,28.625,29.387817048050255,25.625
역삼역,12,18.0,4.75,20.444444444444443,3.0,28.625,29.387817048050255,25.625
영등포구청역(5호선),1,16.0,361.5,372.1875,330.5,398.875,66.66780207366472,68.375
영등포구청역(5호선),2,17.0,325.0,298.47058823529414,251.0,381.0,123.09859749762526,130.0
영등포구청역(5호선),3,17.0,325.0,298.47058823529414,251.0,381.0,123.09859749762526,130.0
영등포구청역(5호선),4,15.0,367.0,363.0,334.75,395.75,49.98928456608048,61.0
영등포구청역(5호선),5,15.0,367.0,363.0,334.75,395.75,49.98928456608048,61.0
영등포구청역(5호선),6,16.0,446.0,469.5625,382.25,527.0,134.75346315896053,144.75
영등포구청역(5호선),7,16.0,446.0,469.5625,382.25,527.0,134.75346315896053,144.75
영등포구청역(5호선),8,16.0,675.5,726.6875,560.375,833.5,256.83372539446606,273.125
영등포구청역(5호선),9,16.0,675.5,726.6875,560.375,833.5,256.83372539446606,273.125
영등포구청역(5호선),10,16.0,465.0,503.84375,425.625,545.5,119.58939734915188,119.875
영등포구청역(5호선),11,16.0,465.0,503.84375,425.625,545.5,119.58939734915188,119.875
영등포구청역(5호선),12,16.0,361.5,372.1875,330.5,398.875,66.66780207366472,68.375
온수(성공회대입구)역,1,18.0,590.75,471.6111111111111,104.25,685.625,295.0077544123183,581.375
온수(성공회대입구)역,2,18.0,590.75,471.6111111111111,104.25,685.625,295.0077544123183,581.375
온수(성공회대입구)역,3,18.0,587.0,462.55555555555554,127.125,657.125,276.53272803269164,530.0
온수(성공회대입구)역,4,18.0,587.0,462.55555555555554,127.125,657.125,276.53272803269164,530.0
온수(성공회대입구)역,5,18.0,607.0,486.3888888888889,134.625,772.875,329.3595190828064,638.25
온수(성공회대입구)역,6,18.0,607.0,486.3888888888889,134.625,772.875,329.3595190828064,638.25
온수(성공회대입구)역,7,18.0,705.25,577.4722222222222,164.5,857.375,371.64683078167826,692.875
온수(성공회대입구)역,8,18.0,705.25,577.4722222222222,164.5,857.375,371.64683078167826,692.875
온수(성공회대입구)역,9,18.0,729.25,669.2222222222222,182.5,980.875,458.63788811904834,798.375
온수(성공회대입구)역,10,18.0,729.25,669.2222222222222,182.5,980.875,458.63788811904834,798.375
온수(성공회대입구)역,11,18.0,611.0,511.0,127.75,782.25,310.3427896034054,654.5
온수(성공회대입구)역,12,18.0,611.0,511.0,127.75,782.25,310.3427896034054,654.5
왕십리역(2호선),1,17.0,539.0,515.1470588235294,479.5,561.5,142.1208513802912,82.0
왕십리역(2호선),2,18.0,464.0,414.8888888888889,414.75,476.25,114.83819250369774,61.5
왕십리역(2호선),3,18.0,464.0,414.8888888888889,414.75,476.25,114.83819250369774,61.5
왕십리역(2호선),4,18.0,526.5,509.94444444444446,452.75,554.875,86.95382291918762,102.125
왕십리역(2호선),5,18.0,526.5,509.94444444444446,452.75,554.875,86.95382291918762,102.125
왕십리역(2호선),6,17.0,637.0,662.8823529411765,578.0,690.5,141.77860485319232,112.5
왕십리역(2호선),7,17.0,637.0,662.8823529411765,578.0,690.5,141.77860485319232,112.5
왕십리역(2호선),8,17.0,1225.5,1203.8529411764705,978.5,1383.0,226.40138338150416,404.5
왕십리역(2호선),9,17.0,1225.5,1203.8529411764705,978.5,1383.0,226.40138338150416,404.5
왕십리역(2호선),10,17.0,776.0,779.9411764705883,655.5,852.0,164.21754648492777,196.5
왕십리역(2호선),11,17.0,776.0,779.9411764705883,655.5,852.0,164.21754648492777,196.5
왕십리역(2호선),12,17.0,539.0,515.1470588235294,479.5,561.5,142.1208513802912,82.0
왕십리역(5호선),1,18.0,1099.0,1123.75,954.5,1175.25,310.6573320254593,220.75
왕십리역(5호선),2,18.0,962.0,957.6944444444445,801.875,1012.5,205.944319922878,210.625
왕십리역(5호선),3,18.0,962.0,957.6944444444445,801.875,1012.5,205.944319922878,210.625
왕십리역(5호선),4,18.0,930.75,923.9444444444445,824.25,993.875,138.74531140874092,169.625
왕십리역(5호선),5,18.0,930.75,923.9444444444445,824.25,993.875,138.74531140874092,169.625
왕십리역(5호선),6,18.0,1204.0,1212.5,1112.875,1280.25,270.5648775084757,167.375
왕십리역(5호선),7,18.0,1204.0,1212.5,1112.875,1280.25,270.5648775084757,167.375
왕십리역(5호선),8,18.0,2193.75,2052.1388888888887,1333.75,2704.0,777.6904685472755,1370.25
왕십리역(5호선),9,18.0,2193.75,2052.1388888888887,1333.75,2704.0,777.6904685472755,1370.25
왕십리역(5호선),10,18.0,1529.75,1609.388888888889,1316.25,2055.875,471.9290062372778,739.625
왕십리역(5호선),11,18.0,1529.75,1609.388888888889,1316.25,2055.875,471.9290062372778,739.625
왕십리역(5호선),12,18.0,1099.0,1123.75,954.5,1175.25,310.6573320254593,220.75
월드컵경기장(성산)역,1,18.0,539.25,725.0833333333334,442.125,741.375,502.93167732687454,299.25
월드컵경기장(성산)역,2,18.0,459.5,625.8333333333334,362.0,723.375,433.3048444632186,361.375
월드컵경기장(성산)역,3,18.0,459.5,625.8333333333334,362.0,723.375,433.3048444632186,361.375
월드컵경기장(성산)역,4,18.0,526.0,733.5277777777778,462.125,783.375,476.62636347507794,321.25
월드컵경기장(성산)역,5,18.0,526.0,733.5277777777778,462.125,783.375,476.62636347507794,321.25
월드컵경기장(성산)역,6,18.0,703.25,818.1111111111111,588.75,923.5,359.3943662016926,334.75
월드컵경기장(성산)역,7,18.0,703.25,818.1111111111111,588.75,923.5,359.3943662016926,334.75
월드컵경기장(성산)역,8,18.0,738.0,902.5833333333334,571.0,1092.75,502.7890520708988,521.75
월드컵경기장(성산)역,9,18.0,738.0,902.5833333333334,571.0,1092.75,502.7890520708988,521.75
월드컵경기장(성산)역,10,18.0,825.5,977.1111111111111,728.5,977.0,482.7289933759434,248.5
월드컵경기장(성산)역,11,18.0,825.5,977.1111111111111,728.5,977.0,482.7289933759434,248.5
월드컵경기장(성산)역,12,18.0,539.25,725.0833333333334,442.125,741.375,502.93167732687454,299.25
을지로3가역(2호선),1,36.0,793.25,889.0833333333334,548.0,1128.0,411.02550320596197,580.0
을지로3가역(2호선),2,36.0,793.25,842.6388888888889,594.0,986.0,375.3079233130941,392.0
을지로3가역(2호선),3,36.0,769.5,819.4444444444445,499.75,995.0,390.9330921522026,495.25
을지로3가역(2호선),4,36.0,848.75,843.5416666666666,499.75,1095.0,398.2423234844404,595.25
을지로3가역(2호선),5,36.0,857.75,871.0833333333334,556.0,1095.0,379.6445988402461,539.0
을지로3가역(2호선),6,36.0,996.0,1029.4305555555557,556.0,1353.0,521.3156043371393,797.0
을지로3가역(2호선),7,36.0,998.75,1093.138888888889,696.25,1353.0,468.6959661978741,656.75
을지로3가역(2호선),8,36.0,1066.25,1272.5833333333333,667.0,1757.75,653.4357056578492,1090.75
을지로3가역(2호선),9,36.0,1243.75,1361.2777777777778,861.375,1757.75,588.1918108484734,896.375
을지로3가역(2호선),10,36.0,1118.75,1163.861111111111,861.375,1381.0,406.0402972807909,519.625
을지로3가역(2호선),11,36.0,1008.75,1060.736111111111,668.25,1381.0,471.7725917992861,712.75
을지로3가역(2호선),12,36.0,847.25,942.7083333333334,668.25,1128.0,377.27406436549165,459.75
을지로3가역(3호선),1,18.0,420.0,593.2222222222222,209.5,916.125,499.52860785480493,706.625
을지로3가역(3호선),2,18.0,373.5,510.8333333333333,131.875,738.0,442.9340675939187,606.125
을지로3가역(3호선),3,18.0,373.5,510.8333333333333,131.875,738.0,442.9340675939187,606.125
을지로3가역(3호선),4,18.0,334.5,524.7777777777778,152.875,894.375,496.5464619639223,741.5
을지로3가역(3호선),5,18.0,334.5,524.7777777777778,152.875,894.375,496.5464619639223,741.5
을지로3가역(3호선),6,18.0,376.0,562.4444444444445,239.875,550.75,539.1941124026422,310.875
을지로3가역(3호선),7,18.0,376.0,562.4444444444445,239.875,550.75,539.1941124026422,310.875
을지로3가역(3호선),8,18.0,940.75,1016.1388888888889,648.0,1112.875,584.4287005664178,464.875
을지로3가역(3호선),9,18.0,940.75,1016.1388888888889,648.0,1112.875,584.4287005664178,464.875
을지로3가역(3호선),10,18.0,504.5,767.8611111111111,257.125,1176.125,649.6032455537664,919.0
을지로3가역(3호선),11,18.0,504.5,767.8611111111111,257.125,1176.125,649.6032455537664,919.0
을지로3가역(3호선),12,18.0,420.0,593.2222222222222,209.5,916.125,499.52860785480493,706.625
을지로4가역(5호선),1,16.0,608.5,575.40625,519.75,786.5,235.5819191385451,266.75
을지로4가역(5호선),2,16.0,502.75,526.78125,449.875,548.625,187.07271035170612,98.75
을지로4가역(5호선),3,16.0,502.75,526.78125,449.875,548.625,187.07271035170612,98.75
을지로4가역(5호선),4,16.0,581.0,567.46875,486.0,670.75,194.62395097126836,184.75
을지로4가역(5호선),5,16.0,581.0,567.46875,486.0,670.75,194.62395097126836,184.75
을지로4가역(5호선),6,15.0,669.5,615.9,556.5,727.5,195.60603627846314,171.0
을지로4가역(5호선),7,15.0,669.5,615.9,556.5,727.5,195.60603627846314,171.0
을지로4가역(5호선),8,16.0,825.0,790.875,652.0,867.75,356.0592881342469,215.75
을지로4가역(5호선),9,16.0,825.0,790.875,652.0,867.75,356.0592881342469,215.75
을지로4가역(5호선),10,15.0,725.5,652.6333333333333,513.0,834.0,277.76457571801615,321.0
을지로4가역(5호선),11,15.0,725.5,652.6333333333333,513.0,834.0,277.76457571801615,321.0
을지로4가역(5호선),12,16.0,608.5,575.40625,519.75,786.5,235.5819191385451,266.75
응암역,1,18.0,146.5,137.08333333333334,105.75,163.75,42.28309702608889,58.0
응암역,2,18.0,146.5,137.08333333333334,105.75,163.75,42.28309702608889,58.0
응암역,3,18.0,133.25,132.69444444444446,100.125,158.625,42.796762827306594,58.5
응암역,4,18.0,133.25,132.69444444444446,100.125,158.625,42.796762827306594,58.5
응암역,5,18.0,158.0,155.63888888888889,129.5,187.875,37.240397718367916,58.375
응암역,6,18.0,158.0,155.63888888888889,129.5,187.875,37.240397718367916,58.375
응암역,7,18.0,182.75,196.33333333333334,158.0,225.875,60.92546072625042,67.875
응암역,8,18.0,182.75,196.33333333333334,158.0,225.875,60.92546072625042,67.875
응암역,9,18.0,242.75,257.6388888888889,171.875,313.125,107.72129146081998,141.25
응암역,10,18.0,242.75,257.6388888888889,171.875,313.125,107.72129146081998,141.25
응암역,11,18.0,167.25,195.97222222222223,144.25,202.875,104.9847989307783,58.625
응암역,12,18.0,167.25,195.97222222222223,144.25,202.875,104.9847989307783,58.625
이대역,1,36.0,718.5,833.9722222222222,571.625,1141.375,388.30251359409465,569.75
이대역,2,36.0,681.5,783.6944444444445,564.5,1073.625,348.29019669107987,509.125
이대역,3,36.0,640.5,758.5555555555555,542.875,1073.625,364.55831941401124,530.75
이대역,4,36.0,719.0,809.5277777777778,546.625,1010.375,409.5624484817293,463.75
이대역,5,36.0,736.0,834.5416666666666,578.25,1010.375,392.81726713211435,432.125
이대역,6,36.0,777.75,868.1388888888889,589.125,1240.0,396.62322191058126,650.875
이대역,7,36.0,777.75,885.4166666666666,654.75,1240.0,376.86502888965424,585.25
이대역,8,36.0,956.25,1022.0138888888889,654.75,1414.375,493.026694236893,759.625
이대역,9,36.0,1090.5,1090.2916666666667,707.75,1414.375,432.4128545565156,706.625
이대역,10,36.0,875.0,984.125,703.5,1244.625,391.2356683819686,541.125
이대역,11,36.0,855.75,931.3194444444445,608.125,1244.625,438.5519378392253,636.5
이대역,12,36.0,807.25,866.5972222222222,611.25,1141.375,371.0139546748775,530.125
이수(총신대입구)역(4호선),1,36.0,433.25,495.7083333333333,322.75,650.75,258.2458511629125,328.0
이수(총신대입구)역(4호선),2,36.0,421.0,452.72222222222223,318.25,611.5,215.9274496030171,293.25
이수(총신대입구)역(4호선),3,36.0,370.0,439.1388888888889,287.375,611.5,216.0785442879216,324.125
이수(총신대입구)역(4호선),4,36.0,409.0,482.3611111111111,296.75,745.75,236.31575762438547,449.0
이수(총신대입구)역(4호선),5,36.0,430.75,495.06944444444446,331.125,745.75,229.08860272136062,414.625
이수(총신대입구)역(4호선),6,36.0,448.0,601.0277777777778,375.25,888.5,360.43237813263835,513.25
이수(총신대입구)역(4호선),7,36.0,665.25,694.8472222222222,455.75,888.5,311.08928023604057,432.75
이수(총신대입구)역(4호선),8,36.0,831.25,1028.4444444444443,462.375,1430.5,677.2998679396823,968.125
이수(총신대입구)역(4호선),9,35.0,1160.0,1147.2857142857142,678.0,1430.5,634.0831649586935,752.5
이수(총신대입구)역(4호선),10,35.0,781.0,839.4571428571429,628.5,1060.0,341.93113710366947,431.5
이수(총신대입구)역(4호선),11,36.0,577.0,699.5972222222222,478.0,958.125,354.81771616754025,480.125
이수(총신대입구)역(4호선),12,36.0,562.75,559.0833333333334,437.5,747.5,241.04906139622284,310.0
이태원역,1,18.0,809.5,843.0,789.5,955.25,159.18191591051158,165.75
이태원역,2,18.0,809.5,843.0,789.5,955.25,159.18191591051158,165.75
이태원역,3,18.0,769.0,788.3611111111111,719.25,909.875,153.6633835938684,190.625
이태원역,4,18.0,769.0,788.3611111111111,719.25,909.875,153.6633835938684,190.625
이태원역,5,18.0,865.5,859.9444444444445,759.375,978.125,201.38556003559358,218.75
이태원역,6,18.0,865.5,859.9444444444445,759.375,978.125,201.38556003559358,218.75
이태원역,7,18.0,948.5,947.5833333333334,796.875,1020.0,183.85290235914783,223.125
이태원역,8,18.0,948.5,947.5833333333334,796.875,1020.0,183.85290235914783,223.125
이태원역,9,18.0,1061.25,1002.1944444444445,865.125,1132.375,204.17309113541592,267.25
이태원역,10,18.0,1061.25,1002.1944444444445,865.125,1132.375,204.17309113541592,267.25
이태원역,11,18.0,927.0,880.6666666666666,763.125,983.625,161.48055792644294,220.5
이태원역,12,18.0,927.0,880.6666666666666,763.125,983.625,161.48055792644294,220.5
잠실새내역,1,36.0,787.0,783.1527777777778,563.375,1081.125,333.6344410845166,517.75
잠실새내역,2,36.0,633.5,696.6527777777778,440.75,934.125,302.314141709874,493.375
잠실새내역,3,36.0,589.5,675.75,444.75,907.25,292.53062110779837,462.5
잠실새내역,4,36.0,588.75,698.5416666666666,436.875,921.125,328.9890657106143,484.25
잠실새내역,5,36.0,678.75,790.3194444444445,484.875,1070.125,405.6736752045519,585.25
잠실새내역,6,36.0,772.0,894.2361111111111,535.375,1124.25,475.3301632416163,588.875
잠실새내역,7,36.0,872.25,1114.7222222222222,604.625,1530.375,708.4450421717819,925.75
잠실새내역,8,36.0,1173.25,1312.763888888889,754.25,1583.625,793.1197665468321,829.375
잠실새내역,9,36.0,1200.5,1434.611111111111,768.625,1759.75,854.5212369768492,991.125
잠실새내역,10,36.0,1221.75,1358.1805555555557,790.75,1648.75,803.5973063381736,858.0
잠실새내역,11,36.0,1169.5,1165.486111111111,673.375,1560.875,623.5133001916422,887.5
잠실새내역,12,36.0,883.25,1003.6666666666666,591.125,1241.0,536.1488066359403,649.875
장한평역,1,17.0,573.0,584.6470588235294,532.0,649.0,103.88436550828438,117.0
장한평역,2,17.0,573.0,584.6470588235294,532.0,649.0,103.88436550828438,117.0
장한평역,3,17.0,592.5,597.0588235294117,543.5,637.5,83.62731356159549,94.0
장한평역,4,17.0,592.5,597.0588235294117,543.5,637.5,83.62731356159549,94.0
장한평역,5,16.0,661.5,676.09375,634.375,743.0,77.98701147199662,108.625
장한평역,6,16.0,661.5,676.09375,634.375,743.0,77.98701147199662,108.625
장한평역,7,16.0,781.25,774.09375,653.0,851.75,178.85312584632118,198.75
장한평역,8,16.0,781.25,774.09375,653.0,851.75,178.85312584632118,198.75
장한평역,9,16.0,780.75,794.21875,657.125,917.625,160.39721202377552,260.5
장한평역,10,16.0,780.75,794.21875,657.125,917.625,160.39721202377552,260.5
장한평역,11,16.0,676.0,702.875,614.5,801.125,105.26276644664057,186.625
장한평역,12,16.0,676.0,702.875,614.5,801.125,105.26276644664057,186.625
종로3가역(3호선),1,36.0,597.75,647.8194444444445,266.0,838.5,413.7530863549587,572.5
종로3가역(3호선),2,36.0,489.25,616.5,288.125,796.875,427.64140518496504,508.75
종로3가역(3호선),3,36.0,468.5,629.1666666666666,298.25,809.625,455.4301263640779,511.375
종로3가역(3호선),4,36.0,460.0,613.8611111111111,290.875,773.375,445.064403222582,482.5
종로3가역(3호선),5,36.0,543.75,693.0277777777778,319.25,773.375,526.214336347631,454.125
종로3가역(3호선),6,36.0,619.0,761.5,332.375,1013.375,531.1938978780321,681.0
종로3가역(3호선),7,36.0,825.75,929.7916666666666,381.875,1035.125,696.7174091511463,653.25
종로3가역(3호선),8,36.0,874.0,1020.7361111111111,490.375,1251.5,674.4753462201047,761.125
종로3가역(3호선),9,36.0,925.75,1043.2916666666667,546.75,1494.25,585.4022106332412,947.5
종로3가역(3호선),10,36.0,918.5,1042.6527777777778,639.375,1361.875,541.0678439034695,722.5
종로3가역(3호선),11,36.0,740.25,826.6388888888889,498.625,1073.0,421.364240314568,574.375
종로3가역(3호선),12,36.0,572.75,714.4861111111111,377.125,838.5,452.68184169633673,461.375
증산역,1,18.0,317.0,376.77777777777777,241.25,581.25,246.4385272485175,340.0
증산역,2,18.0,317.0,376.77777777777777,241.25,581.25,246.4385272485175,340.0
증산역,3,18.0,291.75,324.6111111111111,174.125,386.75,216.51576192831482,212.625
증산역,4,18.0,291.75,324.6111111111111,174.125,386.75,216.51576192831482,212.625
증산역,5,18.0,314.5,364.5833333333333,143.0,531.5,239.47806297667188,388.5
증산역,6,18.0,314.5,364.5833333333333,143.0,531.5,239.47806297667188,388.5
증산역,7,18.0,305.5,371.0,155.0,547.5,244.13930449642885,392.5
증산역,8,18.0,305.5,371.0,155.0,547.5,244.13930449642885,392.5
증산역,9,18.0,306.25,368.30555555555554,172.5,532.875,238.68340702874525,360.375
증산역,10,18.0,306.25,368.30555555555554,172.5,532.875,238.68340702874525,360.375
증산역,11,18.0,351.0,417.47222222222223,305.375,587.125,273.5892408564677,281.75
증산역,12,18.0,351.0,417.47222222222223,305.375,587.125,273.5892408564677,281.75
창신역,1,18.0,263.0,245.36111111111111,236.75,283.625,60.565668190805034,46.875
창신역,2,18.0,263.0,245.36111111111111,236.75,283.625,60.565668190805034,46.875
창신역,3,18.0,238.75,237.13888888888889,205.625,296.75,64.46517654461286,91.125
창신역,4,18.0,238.75,237.13888888888889,205.625,296.75,64.46517654461286,91.125
창신역,5,18.0,284.0,267.0,256.875,329.375,94.63505755082025,72.5
창신역,6,18.0,284.0,267.0,256.875,329.375,94.63505755082025,72.5
창신역,7,18.0,356.75,350.25,315.625,384.875,107.7835862763354,69.25
창신역,8,18.0,356.75,350.25,315.625,384.875,107.7835862763354,69.25
창신역,9,18.0,399.25,446.22222222222223,330.5,579.25,193.04039673405623,248.75
창신역,10,18.0,399.25,446.22222222222223,330.5,579.25,193.04039673405623,248.75
창신역,11,18.0,296.25,273.30555555555554,262.625,319.0,73.39180489771178,56.375
창신역,12,18.0,296.25,273.30555555555554,262.625,319.0,73.39180489771178,56.375
천왕역,1,5.0,231.0,206.4,121.0,250.0,113.06159825511047,129.0
천왕역,2,4.0,188.5,188.75,131.25,246.0,102.41215748142405,114.75
천왕역,3,4.0,188.5,188.75,131.25,246.0,102.41215748142405,114.75
천왕역,4,6.0,171.0,173.66666666666666,108.875,247.0,121.7278385032227,138.125
천왕역,5,6.0,171.0,173.66666666666666,108.875,247.0,121.7278385032227,138.125
천왕역,6,5.0,206.5,221.9,156.0,302.0,89.16936132999943,146.0
천왕역,7,5.0,206.5,221.9,156.0,302.0,89.16936132999943,146.0
천왕역,8,5.0,231.0,238.3,231.0,276.0,77.37861461670143,45.0
천왕역,9,5.0,231.0,238.3,231.0,276.0,77.37861461670143,45.0
천왕역,10,5.0,231.0,208.1,140.5,254.0,103.81919379382602,113.5
천왕역,11,5.0,231.0,208.1,140.5,254.0,103.81919379382602,113.5
천왕역,12,5.0,231.0,206.4,121.0,250.0,113.06159825511047,129.0
학여울역,1,18.0,293.25,810.8888888888889,204.25,468.75,1199.137392848753,264.5
학여울역,2,18.0,293.25,810.8888888888889,204.25,468.75,1199.137392848753,264.5
학여울역,3,18.0,256.75,673.8888888888889,206.375,335.5,965.0043059269303,129.125
학여울역,4,18.0,256.75,673.8888888888889,206.375,335.5,965.0043059269303,129.125
학여울역,5,18.0,360.75,807.4166666666666,333.5,490.375,1021.3678292598895,156.875
학여울역,6,18.0,360.75,807.4166666666666,333.5,490.375,1021.3678292598895,156.875
학여울역,7,18.0,675.5,1125.5833333333333,529.0,868.875,1158.3571308741784,339.875
학여울역,8,18.0,675.5,1125.5833333333333,529.0,868.875,1158.3571308741784,339.875
학여울역,9,18.0,818.0,1209.0555555555557,481.5,1067.125,1150.9359604110564,585.625
학여울역,10,18.0,818.0,1209.0555555555557,481.5,1067.125,1150.9359604110564,585.625
학여울역,11,18.0,453.25,832.5,287.375,560.375,1039.5333653361295,273.0
학여울역,12,18.0,453.25,832.5,287.375,560.375,1039.5333653361295,273.0
행당역,1,17.0,354.0,383.29411764705884,313.5,420.0,83.82721418629689,106.5
행당역,2,17.0,354.0,383.29411764705884,313.5,420.0,83.82721418629689,106.5
행당역,3,17.0,339.5,369.11764705882354,327.0,400.0,122.75528621659292,73.0
행당역,4,17.0,339.5,369.11764705882354,327.0,400.0,122.75528621659292,73.0
행당역,5,16.0,366.25,460.25,349.5,426.375,371.3637031267326,76.875
행당역,6,16.0,366.25,460.25,349.5,426.375,371.3637031267326,76.875
행당역,7,16.0,417.0,560.1875,386.75,537.125,376.2597008716187,150.375
행당역,8,16.0,417.0,560.1875,386.75,537.125,376.2597008716187,150.375
행당역,9,16.0,513.25,568.875,370.75,632.75,335.0716092618611,262.0
행당역,10,16.0,513.25,568.875,370.75,632.75,335.0716092618611,262.0
행당역,11,16.0,402.5,466.4375,376.25,485.75,167.99264616841614,109.5
행당역,12,16.0,402.5,466.4375,376.25,485.75,167.99264616841614,109.5
혜화역,1,36.0,528.0,576.8194444444445,279.75,778.875,388.1161489034984,499.125
혜화역,2,36.0,469.75,537.25,295.25,704.125,343.63979272321933,408.875
혜화역,3,36.0,476.5,527.1944444444445,230.375,678.875,347.1178119843829,448.5
혜화역,4,36.0,530.0,580.8194444444445,285.125,780.5,372.3978316796199,495.375
혜화역,5,36.0,507.75,588.75,285.125,812.0,368.3781539202811,526.875
혜화역,6,36.0,590.75,664.6388888888889,413.5,813.375,424.2264323129994,399.875
혜화역,7,36.0,622.25,717.7361111111111,385.625,907.75,399.30302646542066,522.125
혜화역,8,36.0,794.5,915.7083333333334,501.125,1264.625,530.1475316901351,763.5
혜화역,9,36.0,889.0,1005.5972222222222,643.125,1264.625,448.6080506800125,621.5
혜화역,10,36.0,788.25,817.4305555555555,557.25,1000.375,378.74916601092104,443.125
혜화역,11,36.0,654.25,720.9027777777778,396.625,958.875,432.2188899726693,562.25
혜화역,12,36.0,637.0,621.1527777777778,289.375,802.125,370.6663270275079,512.75
