날짜,연도,월,일,요일,요일_숫자,주말,공휴일,공휴일명,휴무일,징검다리
2022-01-02,2022,1,2,일,6,1,0,,1,0
2022-01-03,2022,1,3,월,0,0,0,,0,0
2022-01-04,2022,1,4,화,1,0,0,,0,0
2022-01-05,2022,1,5,수,2,0,0,,0,0
2022-01-06,2022,1,6,목,3,0,0,,0,0
2022-01-07,2022,1,7,금,4,0,0,,0,0
2022-01-08,2022,1,8,토,5,1,0,,1,0
2022-01-09,2022,1,9,일,6,1,0,,1,0
2022-01-10,2022,1,10,월,0,0,0,,0,0
2022-01-11,2022,1,11,화,1,0,0,,0,0
2022-01-12,2022,1,12,수,2,0,0,,0,0
2022-01-13,2022,1,13,목,3,0,0,,0,0
2022-01-14,2022,1,14,금,4,0,0,,0,0
2022-01-15,2022,1,15,토,5,1,0,,1,0
2022-01-16,2022,1,16,일,6,1,0,,1,0
2022-01-17,2022,1,17,월,0,0,0,,0,0
2022-01-18,2022,1,18,화,1,0,0,,0,0
2022-01-19,2022,1,19,수,2,0,0,,0,0
2022-01-20,2022,1,20,목,3,0,0,,0,0
2022-01-21,2022,1,21,금,4,0,0,,0,0
2022-01-22,2022,1,22,토,5,1,0,,1,0
2022-01-23,2022,1,23,일,6,1,0,,1,0
2022-01-24,2022,1,24,월,0,0,0,,0,0
2022-01-25,2022,1,25,화,1,0,0,,0,0
2022-01-26,2022,1,26,수,2,0,0,,0,0
2022-01-27,2022,1,27,목,3,0,0,,0,0
2022-01-28,2022,1,28,금,4,0,0,,0,0
2022-01-29,2022,1,29,토,5,1,0,,1,0
2022-01-30,2022,1,30,일,6,1,0,,1,0
2022-01-31,2022,1,31,월,0,0,1,설날 전날,1,0
2022-02-01,2022,2,1,화,1,0,1,설날,1,0
2022-02-02,2022,2,2,수,2,0,1,설날 다음날,1,0
2022-02-03,2022,2,3,목,3,0,0,,0,0
2022-02-04,2022,2,4,금,4,0,0,,0,0
2022-02-05,2022,2,5,토,5,1,0,,1,0
2022-02-06,2022,2,6,일,6,1,0,,1,0
2022-02-07,2022,2,7,월,0,0,0,,0,0
2022-02-08,2022,2,8,화,1,0,0,,0,0
2022-02-09,2022,2,9,수,2,0,0,,0,0
2022-02-10,2022,2,10,목,3,0,0,,0,0
2022-02-11,2022,2,11,금,4,0,0,,0,0
2022-02-12,2022,2,12,토,5,1,0,,1,0
2022-02-13,2022,2,13,일,6,1,0,,1,0
2022-02-14,2022,2,14,월,0,0,0,,0,0
2022-02-15,2022,2,15,화,1,0,0,,0,0
2022-02-16,2022,2,16,수,2,0,0,,0,0
2022-02-17,2022,2,17,목,3,0,0,,0,0
2022-02-18,2022,2,18,금,4,0,0,,0,0
2022-02-19,2022,2,19,토,5,1,0,,1,0
2022-02-20,2022,2,20,일,6,1,0,,1,0
2022-02-21,2022,2,21,월,0,0,0,,0,0
2022-02-22,2022,2,22,화,1,0,0,,0,0
2022-02-23,2022,2,23,수,2,0,0,,0,0
2022-02-24,2022,2,24,목,3,0,0,,0,0
2022-02-25,2022,2,25,금,4,0,0,,0,0
2022-02-26,2022,2,26,토,5,1,0,,1,0
2022-02-27,2022,2,27,일,6,1,0,,1,0
2022-02-28,2022,2,28,월,0,0,0,,0,1
2022-03-01,2022,3,1,화,1,0,1,삼일절,1,0
2022-03-02,2022,3,2,수,2,0,0,,0,0
2022-03-03,2022,3,3,목,3,0,0,,0,0
2022-03-04,2022,3,4,금,4,0,0,,0,0
2022-03-05,2022,3,5,토,5,1,0,,1,0
2022-03-06,2022,3,6,일,6,1,0,,1,0
2022-03-07,2022,3,7,월,0,0,0,,0,0
2022-03-08,2022,3,8,화,1,0,0,,0,0
2022-03-09,2022,3,9,수,2,0,1,대통령 선거일,1,0
2022-03-10,2022,3,10,목,3,0,0,,0,0
2022-03-11,2022,3,11,금,4,0,0,,0,0
2022-03-12,2022,3,12,토,5,1,0,,1,0
2022-03-13,2022,3,13,일,6,1,0,,1,0
2022-03-14,2022,3,14,월,0,0,0,,0,0
2022-03-15,2022,3,15,화,1,0,0,,0,0
2022-03-16,2022,3,16,수,2,0,0,,0,0
2022-03-17,2022,3,17,목,3,0,0,,0,0
2022-03-18,2022,3,18,금,4,0,0,,0,0
2022-03-19,2022,3,19,토,5,1,0,,1,0
2022-03-20,2022,3,20,일,6,1,0,,1,0
2022-03-21,2022,3,21,월,0,0,0,,0,0
2022-03-22,2022,3,22,화,1,0,0,,0,0
2022-03-23,2022,3,23,수,2,0,0,,0,0
2022-03-24,2022,3,24,목,3,0,0,,0,0
2022-03-25,2022,3,25,금,4,0,0,,0,0
2022-03-26,2022,3,26,토,5,1,0,,1,0
2022-03-27,2022,3,27,일,6,1,0,,1,0
2022-03-28,2022,3,28,월,0,0,0,,0,0
2022-03-29,2022,3,29,화,1,0,0,,0,0
2022-03-30,2022,3,30,수,2,0,0,,0,0
2022-03-31,2022,3,31,목,3,0,0,,0,0
2022-04-01,2022,4,1,금,4,0,0,,0,0
2022-04-02,2022,4,2,토,5,1,0,,1,0
2022-04-03,2022,4,3,일,6,1,0,,1,0
2022-04-04,2022,4,4,월,0,0,0,,0,0
2022-04-05,2022,4,5,화,1,0,0,,0,0
2022-04-06,2022,4,6,수,2,0,0,,0,0
2022-04-07,2022,4,7,목,3,0,0,,0,0
2022-04-08,2022,4,8,금,4,0,0,,0,0
2022-04-09,2022,4,9,토,5,1,0,,1,0
2022-04-10,2022,4,10,일,6,1,0,,1,0
2022-04-11,2022,4,11,월,0,0,0,,0,0
2022-04-12,2022,4,12,화,1,0,0,,0,0
2022-04-13,2022,4,13,수,2,0,0,,0,0
2022-04-14,2022,4,14,목,3,0,0,,0,0
2022-04-15,2022,4,15,금,4,0,0,,0,0
2022-04-16,2022,4,16,토,5,1,0,,1,0
2022-04-17,2022,4,17,일,6,1,0,,1,0
2022-04-18,2022,4,18,월,0,0,0,,0,0
2022-04-19,2022,4,19,화,1,0,0,,0,0
2022-04-20,2022,4,20,수,2,0,0,,0,0
2022-04-21,2022,4,21,목,3,0,0,,0,0
2022-04-22,2022,4,22,금,4,0,0,,0,0
2022-04-23,2022,4,23,토,5,1,0,,1,0
2022-04-24,2022,4,24,일,6,1,0,,1,0
2022-04-25,2022,4,25,월,0,0,0,,0,0
2022-04-26,2022,4,26,화,1,0,0,,0,0
2022-04-27,2022,4,27,수,2,0,0,,0,0
2022-04-28,2022,4,28,목,3,0,0,,0,0
2022-04-29,2022,4,29,금,4,0,0,,0,0
2022-04-30,2022,4,30,토,5,1,0,,1,0
2022-05-01,2022,5,1,일,6,1,0,,1,0
2022-05-02,2022,5,2,월,0,0,0,,0,0
2022-05-03,2022,5,3,화,1,0,0,,0,0
2022-05-04,2022,5,4,수,2,0,0,,0,0
2022-05-05,2022,5,5,목,3,0,1,어린이날,1,0
2022-05-06,2022,5,6,금,4,0,0,,0,1
2022-05-07,2022,5,7,토,5,1,0,,1,0
2022-05-08,2022,5,8,일,6,1,1,부처님오신날,1,0
2022-05-09,2022,5,9,월,0,0,0,,0,0
2022-05-10,2022,5,10,화,1,0,0,,0,0
2022-05-11,2022,5,11,수,2,0,0,,0,0
2022-05-12,2022,5,12,목,3,0,0,,0,0
2022-05-13,2022,5,13,금,4,0,0,,0,0
2022-05-14,2022,5,14,토,5,1,0,,1,0
2022-05-15,2022,5,15,일,6,1,0,,1,0
2022-05-16,2022,5,16,월,0,0,0,,0,0
2022-05-17,2022,5,17,화,1,0,0,,0,0
2022-05-18,2022,5,18,수,2,0,0,,0,0
2022-05-19,2022,5,19,목,3,0,0,,0,0
2022-05-20,2022,5,20,금,4,0,0,,0,0
2022-05-21,2022,5,21,토,5,1,0,,1,0
2022-05-22,2022,5,22,일,6,1,0,,1,0
2022-05-23,2022,5,23,월,0,0,0,,0,0
2022-05-24,2022,5,24,화,1,0,0,,0,0
2022-05-25,2022,5,25,수,2,0,0,,0,0
2022-05-26,2022,5,26,목,3,0,0,,0,0
2022-05-27,2022,5,27,금,4,0,0,,0,0
2022-05-28,2022,5,28,토,5,1,0,,1,0
2022-05-29,2022,5,29,일,6,1,0,,1,0
2022-05-30,2022,5,30,월,0,0,0,,0,0
2022-05-31,2022,5,31,화,1,0,0,,0,0
2022-06-01,2022,6,1,수,2,0,1,지방선거일,1,0
2022-06-02,2022,6,2,목,3,0,0,,0,0
2022-06-03,2022,6,3,금,4,0,0,,0,0
2022-06-04,2022,6,4,토,5,1,0,,1,0
2022-06-05,2022,6,5,일,6,1,0,,1,0
2022-06-06,2022,6,6,월,0,0,1,현충일,1,0
2022-06-07,2022,6,7,화,1,0,0,,0,0
2022-06-08,2022,6,8,수,2,0,0,,0,0
2022-06-09,2022,6,9,목,3,0,0,,0,0
2022-06-10,2022,6,10,금,4,0,0,,0,0
2022-06-11,2022,6,11,토,5,1,0,,1,0
2022-06-12,2022,6,12,일,6,1,0,,1,0
2022-06-13,2022,6,13,월,0,0,0,,0,0
2022-06-14,2022,6,14,화,1,0,0,,0,0
2022-06-15,2022,6,15,수,2,0,0,,0,0
2022-06-16,2022,6,16,목,3,0,0,,0,0
2022-06-17,2022,6,17,금,4,0,0,,0,0
2022-06-18,2022,6,18,토,5,1,0,,1,0
2022-06-19,2022,6,19,일,6,1,0,,1,0
2022-06-20,2022,6,20,월,0,0,0,,0,0
2022-06-21,2022,6,21,화,1,0,0,,0,0
2022-06-22,2022,6,22,수,2,0,0,,0,0
2022-06-23,2022,6,23,목,3,0,0,,0,0
2022-06-24,2022,6,24,금,4,0,0,,0,0
2022-06-25,2022,6,25,토,5,1,0,,1,0
2022-06-26,2022,6,26,일,6,1,0,,1,0
2022-06-27,2022,6,27,월,0,0,0,,0,0
2022-06-28,2022,6,28,화,1,0,0,,0,0
2022-06-29,2022,6,29,수,2,0,0,,0,0
2022-06-30,2022,6,30,목,3,0,0,,0,0
2022-07-01,2022,7,1,금,4,0,0,,0,0
2022-07-02,2022,7,2,토,5,1,0,,1,0
2022-07-03,2022,7,3,일,6,1,0,,1,0
2022-07-04,2022,7,4,월,0,0,0,,0,0
2022-07-05,2022,7,5,화,1,0,0,,0,0
2022-07-06,2022,7,6,수,2,0,0,,0,0
2022-07-07,2022,7,7,목,3,0,0,,0,0
2022-07-08,2022,7,8,금,4,0,0,,0,0
2022-07-09,2022,7,9,토,5,1,0,,1,0
2022-07-10,2022,7,10,일,6,1,0,,1,0
2022-07-11,2022,7,11,월,0,0,0,,0,0
2022-07-12,2022,7,12,화,1,0,0,,0,0
2022-07-13,2022,7,13,수,2,0,0,,0,0
2022-07-14,2022,7,14,목,3,0,0,,0,0
2022-07-15,2022,7,15,금,4,0,0,,0,0
2022-07-16,2022,7,16,토,5,1,0,,1,0
2022-07-17,2022,7,17,일,6,1,0,,1,0
2022-07-18,2022,7,18,월,0,0,0,,0,0
2022-07-19,2022,7,19,화,1,0,0,,0,0
2022-07-20,2022,7,20,수,2,0,0,,0,0
2022-07-21,2022,7,21,목,3,0,0,,0,0
2022-07-22,2022,7,22,금,4,0,0,,0,0
2022-07-23,2022,7,23,토,5,1,0,,1,0
2022-07-24,2022,7,24,일,6,1,0,,1,0
2022-07-25,2022,7,25,월,0,0,0,,0,0
2022-07-26,2022,7,26,화,1,0,0,,0,0
2022-07-27,2022,7,27,수,2,0,0,,0,0
2022-07-28,2022,7,28,목,3,0,0,,0,0
2022-07-29,2022,7,29,금,4,0,0,,0,0
2022-07-30,2022,7,30,토,5,1,0,,1,0
2022-07-31,2022,7,31,일,6,1,0,,1,0
2022-08-01,2022,8,1,월,0,0,0,,0,0
2022-08-02,2022,8,2,화,1,0,0,,0,0
2022-08-03,2022,8,3,수,2,0,0,,0,0
2022-08-04,2022,8,4,목,3,0,0,,0,0
2022-08-05,2022,8,5,금,4,0,0,,0,0
2022-08-06,2022,8,6,토,5,1,0,,1,0
2022-08-07,2022,8,7,일,6,1,0,,1,0
2022-08-08,2022,8,8,월,0,0,0,,0,0
2022-08-09,2022,8,9,화,1,0,0,,0,0
2022-08-10,2022,8,10,수,2,0,0,,0,0
2022-08-11,2022,8,11,목,3,0,0,,0,0
2022-08-12,2022,8,12,금,4,0,0,,0,0
2022-08-13,2022,8,13,토,5,1,0,,1,0
2022-08-14,2022,8,14,일,6,1,0,,1,0
2022-08-15,2022,8,15,월,0,0,1,광복절,1,0
2022-08-16,2022,8,16,화,1,0,0,,0,0
2022-08-17,2022,8,17,수,2,0,0,,0,0
2022-08-18,2022,8,18,목,3,0,0,,0,0
2022-08-19,2022,8,19,금,4,0,0,,0,0
2022-08-20,2022,8,20,토,5,1,0,,1,0
2022-08-21,2022,8,21,일,6,1,0,,1,0
2022-08-22,2022,8,22,월,0,0,0,,0,0
2022-08-23,2022,8,23,화,1,0,0,,0,0
2022-08-24,2022,8,24,수,2,0,0,,0,0
2022-08-25,2022,8,25,목,3,0,0,,0,0
2022-08-26,2022,8,26,금,4,0,0,,0,0
2022-08-27,2022,8,27,토,5,1,0,,1,0
2022-08-28,2022,8,28,일,6,1,0,,1,0
2022-08-29,2022,8,29,월,0,0,0,,0,0
2022-08-30,2022,8,30,화,1,0,0,,0,0
2022-08-31,2022,8,31,수,2,0,0,,0,0
2022-09-01,2022,9,1,목,3,0,0,,0,0
2022-09-02,2022,9,2,금,4,0,0,,0,0
2022-09-03,2022,9,3,토,5,1,0,,1,0
2022-09-04,2022,9,4,일,6,1,0,,1,0
2022-09-05,2022,9,5,월,0,0,0,,0,0
2022-09-06,2022,9,6,화,1,0,0,,0,0
2022-09-07,2022,9,7,수,2,0,0,,0,0
2022-09-08,2022,9,8,목,3,0,0,,0,0
2022-09-09,2022,9,9,금,4,0,1,추석 전날,1,0
2022-09-10,2022,9,10,토,5,1,1,추석,1,0
2022-09-11,2022,9,11,일,6,1,1,추석 다음날,1,0
2022-09-12,2022,9,12,월,0,0,1,추석 대체 휴일,1,0
2022-09-13,2022,9,13,화,1,0,0,,0,0
2022-09-14,2022,9,14,수,2,0,0,,0,0
2022-09-15,2022,9,15,목,3,0,0,,0,0
2022-09-16,2022,9,16,금,4,0,0,,0,0
2022-09-17,2022,9,17,토,5,1,0,,1,0
2022-09-18,2022,9,18,일,6,1,0,,1,0
2022-09-19,2022,9,19,월,0,0,0,,0,0
2022-09-20,2022,9,20,화,1,0,0,,0,0
2022-09-21,2022,9,21,수,2,0,0,,0,0
2022-09-22,2022,9,22,목,3,0,0,,0,0
2022-09-23,2022,9,23,금,4,0,0,,0,0
2022-09-24,2022,9,24,토,5,1,0,,1,0
2022-09-25,2022,9,25,일,6,1,0,,1,0
2022-09-26,2022,9,26,월,0,0,0,,0,0
2022-09-27,2022,9,27,화,1,0,0,,0,0
2022-09-28,2022,9,28,수,2,0,0,,0,0
2022-09-29,2022,9,29,목,3,0,0,,0,0
2022-09-30,2022,9,30,금,4,0,0,,0,0
2022-10-01,2022,10,1,토,5,1,0,,1,0
2022-10-02,2022,10,2,일,6,1,0,,1,0
2022-10-03,2022,10,3,월,0,0,1,개천절,1,0
2022-10-04,2022,10,4,화,1,0,0,,0,0
2022-10-05,2022,10,5,수,2,0,0,,0,0
2022-10-06,2022,10,6,목,3,0,0,,0,0
2022-10-07,2022,10,7,금,4,0,0,,0,0
2022-10-08,2022,10,8,토,5,1,0,,1,0
2022-10-09,2022,10,9,일,6,1,1,한글날,1,0
2022-10-10,2022,10,10,월,0,0,1,한글날 대체 휴일,1,0
2022-10-11,2022,10,11,화,1,0,0,,0,0
2022-10-12,2022,10,12,수,2,0,0,,0,0
2022-10-13,2022,10,13,목,3,0,0,,0,0
2022-10-14,2022,10,14,금,4,0,0,,0,0
2022-10-15,2022,10,15,토,5,1,0,,1,0
2022-10-16,2022,10,16,일,6,1,0,,1,0
2022-10-17,2022,10,17,월,0,0,0,,0,0
2022-10-18,2022,10,18,화,1,0,0,,0,0
2022-10-19,2022,10,19,수,2,0,0,,0,0
2022-10-20,2022,10,20,목,3,0,0,,0,0
2022-10-21,2022,10,21,금,4,0,0,,0,0
2022-10-22,2022,10,22,토,5,1,0,,1,0
2022-10-23,2022,10,23,일,6,1,0,,1,0
2022-10-24,2022,10,24,월,0,0,0,,0,0
2022-10-25,2022,10,25,화,1,0,0,,0,0
2022-10-26,2022,10,26,수,2,0,0,,0,0
2022-10-27,2022,10,27,목,3,0,0,,0,0
2022-10-28,2022,10,28,금,4,0,0,,0,0
2022-10-29,2022,10,29,토,5,1,0,,1,0
2022-10-30,2022,10,30,일,6,1,0,,1,0
2022-10-31,2022,10,31,월,0,0,0,,0,0
2022-11-01,2022,11,1,화,1,0,0,,0,0
2022-11-02,2022,11,2,수,2,0,0,,0,0
2022-11-03,2022,11,3,목,3,0,0,,0,0
2022-11-04,2022,11,4,금,4,0,0,,0,0
2022-11-05,2022,11,5,토,5,1,0,,1,0
2022-11-06,2022,11,6,일,6,1,0,,1,0
2022-11-07,2022,11,7,월,0,0,0,,0,0
2022-11-08,2022,11,8,화,1,0,0,,0,0
2022-11-09,2022,11,9,수,2,0,0,,0,0
2022-11-10,2022,11,10,목,3,0,0,,0,0
2022-11-11,2022,11,11,금,4,0,0,,0,0
2022-11-12,2022,11,12,토,5,1,0,,1,0
2022-11-13,2022,11,13,일,6,1,0,,1,0
2022-11-14,2022,11,14,월,0,0,0,,0,0
2022-11-15,2022,11,15,화,1,0,0,,0,0
2022-11-16,2022,11,16,수,2,0,0,,0,0
2022-11-17,2022,11,17,목,3,0,0,,0,0
2022-11-18,2022,11,18,금,4,0,0,,0,0
2022-11-19,2022,11,19,토,5,1,0,,1,0
2022-11-20,2022,11,20,일,6,1,0,,1,0
2022-11-21,2022,11,21,월,0,0,0,,0,0
2022-11-22,2022,11,22,화,1,0,0,,0,0
2022-11-23,2022,11,23,수,2,0,0,,0,0
2022-11-24,2022,11,24,목,3,0,0,,0,0
2022-11-25,2022,11,25,금,4,0,0,,0,0
2022-11-26,2022,11,26,토,5,1,0,,1,0
2022-11-27,2022,11,27,일,6,1,0,,1,0
2022-11-28,2022,11,28,월,0,0,0,,0,0
2022-11-29,2022,11,29,화,1,0,0,,0,0
2022-11-30,2022,11,30,수,2,0,0,,0,0
2022-12-01,2022,12,1,목,3,0,0,,0,0
2022-12-02,2022,12,2,금,4,0,0,,0,0
2022-12-03,2022,12,3,토,5,1,0,,1,0
2022-12-04,2022,12,4,일,6,1,0,,1,0
2022-12-05,2022,12,5,월,0,0,0,,0,0
2022-12-06,2022,12,6,화,1,0,0,,0,0
2022-12-07,2022,12,7,수,2,0,0,,0,0
2022-12-08,2022,12,8,목,3,0,0,,0,0
2022-12-09,2022,12,9,금,4,0,0,,0,0
2022-12-10,2022,12,10,토,5,1,0,,1,0
2022-12-11,2022,12,11,일,6,1,0,,1,0
2022-12-12,2022,12,12,월,0,0,0,,0,0
2022-12-13,2022,12,13,화,1,0,0,,0,0
2022-12-14,2022,12,14,수,2,0,0,,0,0
2022-12-15,2022,12,15,목,3,0,0,,0,0
2022-12-16,2022,12,16,금,4,0,0,,0,0
2022-12-17,2022,12,17,토,5,1,0,,1,0
2022-12-18,2022,12,18,일,6,1,0,,1,0
2022-12-19,2022,12,19,월,0,0,0,,0,0
2022-12-20,2022,12,20,화,1,0,0,,0,0
2022-12-21,2022,12,21,수,2,0,0,,0,0
2022-12-22,2022,12,22,목,3,0,0,,0,0
2022-12-23,2022,12,23,금,4,0,0,,0,0
2022-12-24,2022,12,24,토,5,1,0,,1,0
2022-12-25,2022,12,25,일,6,1,1,기독탄신일,1,0
2022-12-26,2022,12,26,월,0,0,0,,0,0
2022-12-27,2022,12,27,화,1,0,0,,0,0
2022-12-28,2022,12,28,수,2,0,0,,0,0
2022-12-29,2022,12,29,목,3,0,0,,0,0
2022-12-30,2022,12,30,금,4,0,0,,0,0
2022-12-31,2022,12,31,토,5,1,0,,1,0
2023-01-01,2023,1,1,일,6,1,1,신정연휴,1,0
2023-01-02,2023,1,2,월,0,0,0,,0,0
2023-01-03,2023,1,3,화,1,0,0,,0,0
2023-01-04,2023,1,4,수,2,0,0,,0,0
2023-01-05,2023,1,5,목,3,0,0,,0,0
2023-01-06,2023,1,6,금,4,0,0,,0,0
2023-01-07,2023,1,7,토,5,1,0,,1,0
2023-01-08,2023,1,8,일,6,1,0,,1,0
2023-01-09,2023,1,9,월,0,0,0,,0,0
2023-01-10,2023,1,10,화,1,0,0,,0,0
2023-01-11,2023,1,11,수,2,0,0,,0,0
2023-01-12,2023,1,12,목,3,0,0,,0,0
2023-01-13,2023,1,13,금,4,0,0,,0,0
2023-01-14,2023,1,14,토,5,1,0,,1,0
2023-01-15,2023,1,15,일,6,1,0,,1,0
2023-01-16,2023,1,16,월,0,0,0,,0,0
2023-01-17,2023,1,17,화,1,0,0,,0,0
2023-01-18,2023,1,18,수,2,0,0,,0,0
2023-01-19,2023,1,19,목,3,0,0,,0,0
2023-01-20,2023,1,20,금,4,0,0,,0,0
2023-01-21,2023,1,21,토,5,1,1,설날 전날,1,0
2023-01-22,2023,1,22,일,6,1,1,설날,1,0
2023-01-23,2023,1,23,월,0,0,1,설날 다음날,1,0
2023-01-24,2023,1,24,화,1,0,1,설날 대체 휴일,1,0
2023-01-25,2023,1,25,수,2,0,0,,0,0
2023-01-26,2023,1,26,목,3,0,0,,0,0
2023-01-27,2023,1,27,금,4,0,0,,0,0
2023-01-28,2023,1,28,토,5,1,0,,1,0
2023-01-29,2023,1,29,일,6,1,0,,1,0
2023-01-30,2023,1,30,월,0,0,0,,0,0
2023-01-31,2023,1,31,화,1,0,0,,0,0
2023-02-01,2023,2,1,수,2,0,0,,0,0
2023-02-02,2023,2,2,목,3,0,0,,0,0
2023-02-03,2023,2,3,금,4,0,0,,0,0
2023-02-04,2023,2,4,토,5,1,0,,1,0
2023-02-05,2023,2,5,일,6,1,0,,1,0
2023-02-06,2023,2,6,월,0,0,0,,0,0
2023-02-07,2023,2,7,화,1,0,0,,0,0
2023-02-08,2023,2,8,수,2,0,0,,0,0
2023-02-09,2023,2,9,목,3,0,0,,0,0
2023-02-10,2023,2,10,금,4,0,0,,0,0
2023-02-11,2023,2,11,토,5,1,0,,1,0
2023-02-12,2023,2,12,일,6,1,0,,1,0
2023-02-13,2023,2,13,월,0,0,0,,0,0
2023-02-14,2023,2,14,화,1,0,0,,0,0
2023-02-15,2023,2,15,수,2,0,0,,0,0
2023-02-16,2023,2,16,목,3,0,0,,0,0
2023-02-17,2023,2,17,금,4,0,0,,0,0
2023-02-18,2023,2,18,토,5,1,0,,1,0
2023-02-19,2023,2,19,일,6,1,0,,1,0
2023-02-20,2023,2,20,월,0,0,0,,0,0
2023-02-21,2023,2,21,화,1,0,0,,0,0
2023-02-22,2023,2,22,수,2,0,0,,0,0
2023-02-23,2023,2,23,목,3,0,0,,0,0
2023-02-24,2023,2,24,금,4,0,0,,0,0
2023-02-25,2023,2,25,토,5,1,0,,1,0
2023-02-26,2023,2,26,일,6,1,0,,1,0
2023-02-27,2023,2,27,월,0,0,0,,0,0
2023-02-28,2023,2,28,화,1,0,0,,0,0
2023-03-01,2023,3,1,수,2,0,1,삼일절,1,0
2023-03-02,2023,3,2,목,3,0,0,,0,0
2023-03-03,2023,3,3,금,4,0,0,,0,0
2023-03-04,2023,3,4,토,5,1,0,,1,0
2023-03-05,2023,3,5,일,6,1,0,,1,0
2023-03-06,2023,3,6,월,0,0,0,,0,0
2023-03-07,2023,3,7,화,1,0,0,,0,0
2023-03-08,2023,3,8,수,2,0,0,,0,0
2023-03-09,2023,3,9,목,3,0,0,,0,0
2023-03-10,2023,3,10,금,4,0,0,,0,0
2023-03-11,2023,3,11,토,5,1,0,,1,0
2023-03-12,2023,3,12,일,6,1,0,,1,0
2023-03-13,2023,3,13,월,0,0,0,,0,0
2023-03-14,2023,3,14,화,1,0,0,,0,0
2023-03-15,2023,3,15,수,2,0,0,,0,0
2023-03-16,2023,3,16,목,3,0,0,,0,0
2023-03-17,2023,3,17,금,4,0,0,,0,0
2023-03-18,2023,3,18,토,5,1,0,,1,0
2023-03-19,2023,3,19,일,6,1,0,,1,0
2023-03-20,2023,3,20,월,0,0,0,,0,0
2023-03-21,2023,3,21,화,1,0,0,,0,0
2023-03-22,2023,3,22,수,2,0,0,,0,0
2023-03-23,2023,3,23,목,3,0,0,,0,0
2023-03-24,2023,3,24,금,4,0,0,,0,0
2023-03-25,2023,3,25,토,5,1,0,,1,0
2023-03-26,2023,3,26,일,6,1,0,,1,0
2023-03-27,2023,3,27,월,0,0,0,,0,0
2023-03-28,2023,3,28,화,1,0,0,,0,0
2023-03-29,2023,3,29,수,2,0,0,,0,0
2023-03-30,2023,3,30,목,3,0,0,,0,0
2023-03-31,2023,3,31,금,4,0,0,,0,0
2023-04-01,2023,4,1,토,5,1,0,,1,0
2023-04-02,2023,4,2,일,6,1,0,,1,0
2023-04-03,2023,4,3,월,0,0,0,,0,0
2023-04-04,2023,4,4,화,1,0,0,,0,0
2023-04-05,2023,4,5,수,2,0,0,,0,0
2023-04-06,2023,4,6,목,3,0,0,,0,0
2023-04-07,2023,4,7,금,4,0,0,,0,0
2023-04-08,2023,4,8,토,5,1,0,,1,0
2023-04-09,2023,4,9,일,6,1,0,,1,0
2023-04-10,2023,4,10,월,0,0,0,,0,0
2023-04-11,2023,4,11,화,1,0,0,,0,0
2023-04-12,2023,4,12,수,2,0,0,,0,0
2023-04-13,2023,4,13,목,3,0,0,,0,0
2023-04-14,2023,4,14,금,4,0,0,,0,0
2023-04-15,2023,4,15,토,5,1,0,,1,0
2023-04-16,2023,4,16,일,6,1,0,,1,0
2023-04-17,2023,4,17,월,0,0,0,,0,0
2023-04-18,2023,4,18,화,1,0,0,,0,0
2023-04-19,2023,4,19,수,2,0,0,,0,0
2023-04-20,2023,4,20,목,3,0,0,,0,0
2023-04-21,2023,4,21,금,4,0,0,,0,0
2023-04-22,2023,4,22,토,5,1,0,,1,0
2023-04-23,2023,4,23,일,6,1,0,,1,0
2023-04-24,2023,4,24,월,0,0,0,,0,0
2023-04-25,2023,4,25,화,1,0,0,,0,0
2023-04-26,2023,4,26,수,2,0,0,,0,0
2023-04-27,2023,4,27,목,3,0,0,,0,0
2023-04-28,2023,4,28,금,4,0,0,,0,0
2023-04-29,2023,4,29,토,5,1,0,,1,0
2023-04-30,2023,4,30,일,6,1,0,,1,0
2023-05-01,2023,5,1,월,0,0,0,,0,0
2023-05-02,2023,5,2,화,1,0,0,,0,0
2023-05-03,2023,5,3,수,2,0,0,,0,0
2023-05-04,2023,5,4,목,3,0,0,,0,0
2023-05-05,2023,5,5,금,4,0,1,어린이날,1,0
2023-05-06,2023,5,6,토,5,1,0,,1,0
2023-05-07,2023,5,7,일,6,1,0,,1,0
2023-05-08,2023,5,8,월,0,0,0,,0,0
2023-05-09,2023,5,9,화,1,0,0,,0,0
2023-05-10,2023,5,10,수,2,0,0,,0,0
2023-05-11,2023,5,11,목,3,0,0,,0,0
2023-05-12,2023,5,12,금,4,0,0,,0,0
2023-05-13,2023,5,13,토,5,1,0,,1,0
2023-05-14,2023,5,14,일,6,1,0,,1,0
2023-05-15,2023,5,15,월,0,0,0,,0,0
2023-05-16,2023,5,16,화,1,0,0,,0,0
2023-05-17,2023,5,17,수,2,0,0,,0,0
2023-05-18,2023,5,18,목,3,0,0,,0,0
2023-05-19,2023,5,19,금,4,0,0,,0,0
2023-05-20,2023,5,20,토,5,1,0,,1,0
2023-05-21,2023,5,21,일,6,1,0,,1,0
2023-05-22,2023,5,22,월,0,0,0,,0,0
2023-05-23,2023,5,23,화,1,0,0,,0,0
2023-05-24,2023,5,24,수,2,0,0,,0,0
2023-05-25,2023,5,25,목,3,0,0,,0,0
2023-05-26,2023,5,26,금,4,0,0,,0,0
2023-05-27,2023,5,27,토,5,1,1,부처님오신날,1,0
2023-05-28,2023,5,28,일,6,1,0,,1,0
2023-05-29,2023,5,29,월,0,0,1,부처님오신날 대체 휴일,1,0
2023-05-30,2023,5,30,화,1,0,0,,0,0
2023-05-31,2023,5,31,수,2,0,0,,0,0
2023-06-01,2023,6,1,목,3,0,0,,0,0
2023-06-02,2023,6,2,금,4,0,0,,0,0
2023-06-03,2023,6,3,토,5,1,0,,1,0
2023-06-04,2023,6,4,일,6,1,0,,1,0
2023-06-05,2023,6,5,월,0,0,0,,0,1
2023-06-06,2023,6,6,화,1,0,1,현충일,1,0
2023-06-07,2023,6,7,수,2,0,0,,0,0
2023-06-08,2023,6,8,목,3,0,0,,0,0
2023-06-09,2023,6,9,금,4,0,0,,0,0
2023-06-10,2023,6,10,토,5,1,0,,1,0
2023-06-11,2023,6,11,일,6,1,0,,1,0
2023-06-12,2023,6,12,월,0,0,0,,0,0
2023-06-13,2023,6,13,화,1,0,0,,0,0
2023-06-14,2023,6,14,수,2,0,0,,0,0
2023-06-15,2023,6,15,목,3,0,0,,0,0
2023-06-16,2023,6,16,금,4,0,0,,0,0
2023-06-17,2023,6,17,토,5,1,0,,1,0
2023-06-18,2023,6,18,일,6,1,0,,1,0
2023-06-19,2023,6,19,월,0,0,0,,0,0
2023-06-20,2023,6,20,화,1,0,0,,0,0
2023-06-21,2023,6,21,수,2,0,0,,0,0
2023-06-22,2023,6,22,목,3,0,0,,0,0
2023-06-23,2023,6,23,금,4,0,0,,0,0
2023-06-24,2023,6,24,토,5,1,0,,1,0
2023-06-25,2023,6,25,일,6,1,0,,1,0
2023-06-26,2023,6,26,월,0,0,0,,0,0
2023-06-27,2023,6,27,화,1,0,0,,0,0
2023-06-28,2023,6,28,수,2,0,0,,0,0
2023-06-29,2023,6,29,목,3,0,0,,0,0
2023-06-30,2023,6,30,금,4,0,0,,0,0
2023-07-01,2023,7,1,토,5,1,0,,1,0
2023-07-02,2023,7,2,일,6,1,0,,1,0
2023-07-03,2023,7,3,월,0,0,0,,0,0
2023-07-04,2023,7,4,화,1,0,0,,0,0
2023-07-05,2023,7,5,수,2,0,0,,0,0
2023-07-06,2023,7,6,목,3,0,0,,0,0
2023-07-07,2023,7,7,금,4,0,0,,0,0
2023-07-08,2023,7,8,토,5,1,0,,1,0
2023-07-09,2023,7,9,일,6,1,0,,1,0
2023-07-10,2023,7,10,월,0,0,0,,0,0
2023-07-11,2023,7,11,화,1,0,0,,0,0
2023-07-12,2023,7,12,수,2,0,0,,0,0
2023-07-13,2023,7,13,목,3,0,0,,0,0
2023-07-14,2023,7,14,금,4,0,0,,0,0
2023-07-15,2023,7,15,토,5,1,0,,1,0
2023-07-16,2023,7,16,일,6,1,0,,1,0
2023-07-17,2023,7,17,월,0,0,0,,0,0
2023-07-18,2023,7,18,화,1,0,0,,0,0
2023-07-19,2023,7,19,수,2,0,0,,0,0
2023-07-20,2023,7,20,목,3,0,0,,0,0
2023-07-21,2023,7,21,금,4,0,0,,0,0
2023-07-22,2023,7,22,토,5,1,0,,1,0
2023-07-23,2023,7,23,일,6,1,0,,1,0
2023-07-24,2023,7,24,월,0,0,0,,0,0
2023-07-25,2023,7,25,화,1,0,0,,0,0
2023-07-26,2023,7,26,수,2,0,0,,0,0
2023-07-27,2023,7,27,목,3,0,0,,0,0
2023-07-28,2023,7,28,금,4,0,0,,0,0
2023-07-29,2023,7,29,토,5,1,0,,1,0
2023-07-30,2023,7,30,일,6,1,0,,1,0
2023-07-31,2023,7,31,월,0,0,0,,0,0
2023-08-01,2023,8,1,화,1,0,0,,0,0
2023-08-02,2023,8,2,수,2,0,0,,0,0
2023-08-03,2023,8,3,목,3,0,0,,0,0
2023-08-04,2023,8,4,금,4,0,0,,0,0
2023-08-05,2023,8,5,토,5,1,0,,1,0
2023-08-06,2023,8,6,일,6,1,0,,1,0
2023-08-07,2023,8,7,월,0,0,0,,0,0
2023-08-08,2023,8,8,화,1,0,0,,0,0
2023-08-09,2023,8,9,수,2,0,0,,0,0
2023-08-10,2023,8,10,목,3,0,0,,0,0
2023-08-11,2023,8,11,금,4,0,0,,0,0
2023-08-12,2023,8,12,토,5,1,0,,1,0
2023-08-13,2023,8,13,일,6,1,0,,1,0
2023-08-14,2023,8,14,월,0,0,0,,0,1
2023-08-15,2023,8,15,화,1,0,1,광복절,1,0
2023-08-16,2023,8,16,수,2,0,0,,0,0
2023-08-17,2023,8,17,목,3,0,0,,0,0
2023-08-18,2023,8,18,금,4,0,0,,0,0
2023-08-19,2023,8,19,토,5,1,0,,1,0
2023-08-20,2023,8,20,일,6,1,0,,1,0
2023-08-21,2023,8,21,월,0,0,0,,0,0
2023-08-22,2023,8,22,화,1,0,0,,0,0
2023-08-23,2023,8,23,수,2,0,0,,0,0
2023-08-24,2023,8,24,목,3,0,0,,0,0
2023-08-25,2023,8,25,금,4,0,0,,0,0
2023-08-26,2023,8,26,토,5,1,0,,1,0
2023-08-27,2023,8,27,일,6,1,0,,1,0
2023-08-28,2023,8,28,월,0,0,0,,0,0
2023-08-29,2023,8,29,화,1,0,0,,0,0
2023-08-30,2023,8,30,수,2,0,0,,0,0
2023-08-31,2023,8,31,목,3,0,0,,0,0
2023-09-01,2023,9,1,금,4,0,0,,0,0
2023-09-02,2023,9,2,토,5,1,0,,1,0
2023-09-03,2023,9,3,일,6,1,0,,1,0
2023-09-04,2023,9,4,월,0,0,0,,0,0
2023-09-05,2023,9,5,화,1,0,0,,0,0
2023-09-06,2023,9,6,수,2,0,0,,0,0
2023-09-07,2023,9,7,목,3,0,0,,0,0
2023-09-08,2023,9,8,금,4,0,0,,0,0
2023-09-09,2023,9,9,토,5,1,0,,1,0
2023-09-10,2023,9,10,일,6,1,0,,1,0
2023-09-11,2023,9,11,월,0,0,0,,0,0
2023-09-12,2023,9,12,화,1,0,0,,0,0
2023-09-13,2023,9,13,수,2,0,0,,0,0
2023-09-14,2023,9,14,목,3,0,0,,0,0
2023-09-15,2023,9,15,금,4,0,0,,0,0
2023-09-16,2023,9,16,토,5,1,0,,1,0
2023-09-17,2023,9,17,일,6,1,0,,1,0
2023-09-18,2023,9,18,월,0,0,0,,0,0
2023-09-19,2023,9,19,화,1,0,0,,0,0
2023-09-20,2023,9,20,수,2,0,0,,0,0
2023-09-21,2023,9,21,목,3,0,0,,0,0
2023-09-22,2023,9,22,금,4,0,0,,0,0
2023-09-23,2023,9,23,토,5,1,0,,1,0
2023-09-24,2023,9,24,일,6,1,0,,1,0
2023-09-25,2023,9,25,월,0,0,0,,0,0
2023-09-26,2023,9,26,화,1,0,0,,0,0
2023-09-27,2023,9,27,수,2,0,0,,0,0
2023-09-28,2023,9,28,목,3,0,1,추석 전날,1,0
2023-09-29,2023,9,29,금,4,0,1,추석,1,0
2023-09-30,2023,9,30,토,5,1,1,추석 다음날,1,0
2023-10-01,2023,10,1,일,6,1,0,,1,0
2023-10-02,2023,10,2,월,0,0,1,임시공휴일,1,0
2023-10-03,2023,10,3,화,1,0,1,개천절,1,0
2023-10-04,2023,10,4,수,2,0,0,,0,0
2023-10-05,2023,10,5,목,3,0,0,,0,0
2023-10-06,2023,10,6,금,4,0,0,,0,0
2023-10-07,2023,10,7,토,5,1,0,,1,0
2023-10-08,2023,10,8,일,6,1,0,,1,0
2023-10-09,2023,10,9,월,0,0,1,한글날,1,0
2023-10-10,2023,10,10,화,1,0,0,,0,0
2023-10-11,2023,10,11,수,2,0,0,,0,0
2023-10-12,2023,10,12,목,3,0,0,,0,0
2023-10-13,2023,10,13,금,4,0,0,,0,0
2023-10-14,2023,10,14,토,5,1,0,,1,0
2023-10-15,2023,10,15,일,6,1,0,,1,0
2023-10-16,2023,10,16,월,0,0,0,,0,0
2023-10-17,2023,10,17,화,1,0,0,,0,0
2023-10-18,2023,10,18,수,2,0,0,,0,0
2023-10-19,2023,10,19,목,3,0,0,,0,0
2023-10-20,2023,10,20,금,4,0,0,,0,0
2023-10-21,2023,10,21,토,5,1,0,,1,0
2023-10-22,2023,10,22,일,6,1,0,,1,0
2023-10-23,2023,10,23,월,0,0,0,,0,0
2023-10-24,2023,10,24,화,1,0,0,,0,0
2023-10-25,2023,10,25,수,2,0,0,,0,0
2023-10-26,2023,10,26,목,3,0,0,,0,0
2023-10-27,2023,10,27,금,4,0,0,,0,0
2023-10-28,2023,10,28,토,5,1,0,,1,0
2023-10-29,2023,10,29,일,6,1,0,,1,0
2023-10-30,2023,10,30,월,0,0,0,,0,0
2023-10-31,2023,10,31,화,1,0,0,,0,0
2023-11-01,2023,11,1,수,2,0,0,,0,0
2023-11-02,2023,11,2,목,3,0,0,,0,0
2023-11-03,2023,11,3,금,4,0,0,,0,0
2023-11-04,2023,11,4,토,5,1,0,,1,0
2023-11-05,2023,11,5,일,6,1,0,,1,0
2023-11-06,2023,11,6,월,0,0,0,,0,0
2023-11-07,2023,11,7,화,1,0,0,,0,0
2023-11-08,2023,11,8,수,2,0,0,,0,0
2023-11-09,2023,11,9,목,3,0,0,,0,0
2023-11-10,2023,11,10,금,4,0,0,,0,0
2023-11-11,2023,11,11,토,5,1,0,,1,0
2023-11-12,2023,11,12,일,6,1,0,,1,0
2023-11-13,2023,11,13,월,0,0,0,,0,0
2023-11-14,2023,11,14,화,1,0,0,,0,0
2023-11-15,2023,11,15,수,2,0,0,,0,0
2023-11-16,2023,11,16,목,3,0,0,,0,0
2023-11-17,2023,11,17,금,4,0,0,,0,0
2023-11-18,2023,11,18,토,5,1,0,,1,0
2023-11-19,2023,11,19,일,6,1,0,,1,0
2023-11-20,2023,11,20,월,0,0,0,,0,0
2023-11-21,2023,11,21,화,1,0,0,,0,0
2023-11-22,2023,11,22,수,2,0,0,,0,0
2023-11-23,2023,11,23,목,3,0,0,,0,0
2023-11-24,2023,11,24,금,4,0,0,,0,0
2023-11-25,2023,11,25,토,5,1,0,,1,0
2023-11-26,2023,11,26,일,6,1,0,,1,0
2023-11-27,2023,11,27,월,0,0,0,,0,0
2023-11-28,2023,11,28,화,1,0,0,,0,0
2023-11-29,2023,11,29,수,2,0,0,,0,0
2023-11-30,2023,11,30,목,3,0,0,,0,0
2023-12-01,2023,12,1,금,4,0,0,,0,0
2023-12-02,2023,12,2,토,5,1,0,,1,0
2023-12-03,2023,12,3,일,6,1,0,,1,0
2023-12-04,2023,12,4,월,0,0,0,,0,0
2023-12-05,2023,12,5,화,1,0,0,,0,0
2023-12-06,2023,12,6,수,2,0,0,,0,0
2023-12-07,2023,12,7,목,3,0,0,,0,0
2023-12-08,2023,12,8,금,4,0,0,,0,0
2023-12-09,2023,12,9,토,5,1,0,,1,0
2023-12-10,2023,12,10,일,6,1,0,,1,0
2023-12-11,2023,12,11,월,0,0,0,,0,0
2023-12-12,2023,12,12,화,1,0,0,,0,0
2023-12-13,2023,12,13,수,2,0,0,,0,0
2023-12-14,2023,12,14,목,3,0,0,,0,0
2023-12-15,2023,12,15,금,4,0,0,,0,0
2023-12-16,2023,12,16,토,5,1,0,,1,0
2023-12-17,2023,12,17,일,6,1,0,,1,0
2023-12-18,2023,12,18,월,0,0,0,,0,0
2023-12-19,2023,12,19,화,1,0,0,,0,0
2023-12-20,2023,12,20,수,2,0,0,,0,0
2023-12-21,2023,12,21,목,3,0,0,,0,0
2023-12-22,2023,12,22,금,4,0,0,,0,0
2023-12-23,2023,12,23,토,5,1,0,,1,0
2023-12-24,2023,12,24,일,6,1,0,,1,0
2023-12-25,2023,12,25,월,0,0,1,기독탄신일,1,0
2023-12-26,2023,12,26,화,1,0,0,,0,0
2023-12-27,2023,12,27,수,2,0,0,,0,0
2023-12-28,2023,12,28,목,3,0,0,,0,0
2023-12-29,2023,12,29,금,4,0,0,,0,0
2023-12-30,2023,12,30,토,5,1,0,,1,0
2023-12-31,2023,12,31,일,6,1,0,,1,0
2024-01-01,2024,1,1,월,0,0,1,신정연휴,1,0
2024-01-02,2024,1,2,화,1,0,0,,0,0
2024-01-03,2024,1,3,수,2,0,0,,0,0
2024-01-04,2024,1,4,목,3,0,0,,0,0
2024-01-05,2024,1,5,금,4,0,0,,0,0
2024-01-06,2024,1,6,토,5,1,0,,1,0
2024-01-07,2024,1,7,일,6,1,0,,1,0
2024-01-08,2024,1,8,월,0,0,0,,0,0
2024-01-09,2024,1,9,화,1,0,0,,0,0
2024-01-10,2024,1,10,수,2,0,0,,0,0
2024-01-11,2024,1,11,목,3,0,0,,0,0
2024-01-12,2024,1,12,금,4,0,0,,0,0
2024-01-13,2024,1,13,토,5,1,0,,1,0
2024-01-14,2024,1,14,일,6,1,0,,1,0
2024-01-15,2024,1,15,월,0,0,0,,0,0
2024-01-16,2024,1,16,화,1,0,0,,0,0
2024-01-17,2024,1,17,수,2,0,0,,0,0
2024-01-18,2024,1,18,목,3,0,0,,0,0
2024-01-19,2024,1,19,금,4,0,0,,0,0
2024-01-20,2024,1,20,토,5,1,0,,1,0
2024-01-21,2024,1,21,일,6,1,0,,1,0
2024-01-22,2024,1,22,월,0,0,0,,0,0
2024-01-23,2024,1,23,화,1,0,0,,0,0
2024-01-24,2024,1,24,수,2,0,0,,0,0
2024-01-25,2024,1,25,목,3,0,0,,0,0
2024-01-26,2024,1,26,금,4,0,0,,0,0
2024-01-27,2024,1,27,토,5,1,0,,1,0
2024-01-28,2024,1,28,일,6,1,0,,1,0
2024-01-29,2024,1,29,월,0,0,0,,0,0
2024-01-30,2024,1,30,화,1,0,0,,0,0
2024-01-31,2024,1,31,수,2,0,0,,0,0
2024-02-01,2024,2,1,목,3,0,0,,0,0
2024-02-02,2024,2,2,금,4,0,0,,0,0
2024-02-03,2024,2,3,토,5,1,0,,1,0
2024-02-04,2024,2,4,일,6,1,0,,1,0
2024-02-05,2024,2,5,월,0,0,0,,0,0
2024-02-06,2024,2,6,화,1,0,0,,0,0
2024-02-07,2024,2,7,수,2,0,0,,0,0
2024-02-08,2024,2,8,목,3,0,0,,0,0
2024-02-09,2024,2,9,금,4,0,1,설날 전날,1,0
2024-02-10,2024,2,10,토,5,1,1,설날,1,0
2024-02-11,2024,2,11,일,6,1,1,설날 다음날,1,0
2024-02-12,2024,2,12,월,0,0,1,설날 대체 휴일,1,0
2024-02-13,2024,2,13,화,1,0,0,,0,0
2024-02-14,2024,2,14,수,2,0,0,,0,0
2024-02-15,2024,2,15,목,3,0,0,,0,0
2024-02-16,2024,2,16,금,4,0,0,,0,0
2024-02-17,2024,2,17,토,5,1,0,,1,0
2024-02-18,2024,2,18,일,6,1,0,,1,0
2024-02-19,2024,2,19,월,0,0,0,,0,0
2024-02-20,2024,2,20,화,1,0,0,,0,0
2024-02-21,2024,2,21,수,2,0,0,,0,0
2024-02-22,2024,2,22,목,3,0,0,,0,0
2024-02-23,2024,2,23,금,4,0,0,,0,0
2024-02-24,2024,2,24,토,5,1,0,,1,0
2024-02-25,2024,2,25,일,6,1,0,,1,0
2024-02-26,2024,2,26,월,0,0,0,,0,0
2024-02-27,2024,2,27,화,1,0,0,,0,0
2024-02-28,2024,2,28,수,2,0,0,,0,0
2024-02-29,2024,2,29,목,3,0,0,,0,0
2024-03-01,2024,3,1,금,4,0,1,삼일절,1,0
2024-03-02,2024,3,2,토,5,1,0,,1,0
2024-03-03,2024,3,3,일,6,1,0,,1,0
2024-03-04,2024,3,4,월,0,0,0,,0,0
2024-03-05,2024,3,5,화,1,0,0,,0,0
2024-03-06,2024,3,6,수,2,0,0,,0,0
2024-03-07,2024,3,7,목,3,0,0,,0,0
2024-03-08,2024,3,8,금,4,0,0,,0,0
2024-03-09,2024,3,9,토,5,1,0,,1,0
2024-03-10,2024,3,10,일,6,1,0,,1,0
2024-03-11,2024,3,11,월,0,0,0,,0,0
2024-03-12,2024,3,12,화,1,0,0,,0,0
2024-03-13,2024,3,13,수,2,0,0,,0,0
2024-03-14,2024,3,14,목,3,0,0,,0,0
2024-03-15,2024,3,15,금,4,0,0,,0,0
2024-03-16,2024,3,16,토,5,1,0,,1,0
2024-03-17,2024,3,17,일,6,1,0,,1,0
2024-03-18,2024,3,18,월,0,0,0,,0,0
2024-03-19,2024,3,19,화,1,0,0,,0,0
2024-03-20,2024,3,20,수,2,0,0,,0,0
2024-03-21,2024,3,21,목,3,0,0,,0,0
2024-03-22,2024,3,22,금,4,0,0,,0,0
2024-03-23,2024,3,23,토,5,1,0,,1,0
2024-03-24,2024,3,24,일,6,1,0,,1,0
2024-03-25,2024,3,25,월,0,0,0,,0,0
2024-03-26,2024,3,26,화,1,0,0,,0,0
2024-03-27,2024,3,27,수,2,0,0,,0,0
2024-03-28,2024,3,28,목,3,0,0,,0,0
2024-03-29,2024,3,29,금,4,0,0,,0,0
2024-03-30,2024,3,30,토,5,1,0,,1,0
2024-03-31,2024,3,31,일,6,1,0,,1,0
2024-04-01,2024,4,1,월,0,0,0,,0,0
2024-04-02,2024,4,2,화,1,0,0,,0,0
2024-04-03,2024,4,3,수,2,0,0,,0,0
2024-04-04,2024,4,4,목,3,0,0,,0,0
2024-04-05,2024,4,5,금,4,0,0,,0,0
2024-04-06,2024,4,6,토,5,1,0,,1,0
2024-04-07,2024,4,7,일,6,1,0,,1,0
2024-04-08,2024,4,8,월,0,0,0,,0,0
2024-04-09,2024,4,9,화,1,0,0,,0,0
2024-04-10,2024,4,10,수,2,0,1,국회의원 선거일,1,0
2024-04-11,2024,4,11,목,3,0,0,,0,0
2024-04-12,2024,4,12,금,4,0,0,,0,0
2024-04-13,2024,4,13,토,5,1,0,,1,0
2024-04-14,2024,4,14,일,6,1,0,,1,0
2024-04-15,2024,4,15,월,0,0,0,,0,0
2024-04-16,2024,4,16,화,1,0,0,,0,0
2024-04-17,2024,4,17,수,2,0,0,,0,0
2024-04-18,2024,4,18,목,3,0,0,,0,0
2024-04-19,2024,4,19,금,4,0,0,,0,0
2024-04-20,2024,4,20,토,5,1,0,,1,0
2024-04-21,2024,4,21,일,6,1,0,,1,0
2024-04-22,2024,4,22,월,0,0,0,,0,0
2024-04-23,2024,4,23,화,1,0,0,,0,0
2024-04-24,2024,4,24,수,2,0,0,,0,0
2024-04-25,2024,4,25,목,3,0,0,,0,0
2024-04-26,2024,4,26,금,4,0,0,,0,0
2024-04-27,2024,4,27,토,5,1,0,,1,0
2024-04-28,2024,4,28,일,6,1,0,,1,0
2024-04-29,2024,4,29,월,0,0,0,,0,0
2024-04-30,2024,4,30,화,1,0,0,,0,0
2024-05-01,2024,5,1,수,2,0,0,,0,0
2024-05-02,2024,5,2,목,3,0,0,,0,0
2024-05-03,2024,5,3,금,4,0,0,,0,0
2024-05-04,2024,5,4,토,5,1,0,,1,0
2024-05-05,2024,5,5,일,6,1,1,어린이날,1,0
2024-05-06,2024,5,6,월,0,0,1,어린이날 대체 휴일,1,0
2024-05-07,2024,5,7,화,1,0,0,,0,0
2024-05-08,2024,5,8,수,2,0,0,,0,0
2024-05-09,2024,5,9,목,3,0,0,,0,0
2024-05-10,2024,5,10,금,4,0,0,,0,0
2024-05-11,2024,5,11,토,5,1,0,,1,0
2024-05-12,2024,5,12,일,6,1,0,,1,0
2024-05-13,2024,5,13,월,0,0,0,,0,0
2024-05-14,2024,5,14,화,1,0,0,,0,0
2024-05-15,2024,5,15,수,2,0,1,부처님오신날,1,0
2024-05-16,2024,5,16,목,3,0,0,,0,0
2024-05-17,2024,5,17,금,4,0,0,,0,0
2024-05-18,2024,5,18,토,5,1,0,,1,0
2024-05-19,2024,5,19,일,6,1,0,,1,0
2024-05-20,2024,5,20,월,0,0,0,,0,0
2024-05-21,2024,5,21,화,1,0,0,,0,0
2024-05-22,2024,5,22,수,2,0,0,,0,0
2024-05-23,2024,5,23,목,3,0,0,,0,0
2024-05-24,2024,5,24,금,4,0,0,,0,0
2024-05-25,2024,5,25,토,5,1,0,,1,0
2024-05-26,2024,5,26,일,6,1,0,,1,0
2024-05-27,2024,5,27,월,0,0,0,,0,0
2024-05-28,2024,5,28,화,1,0,0,,0,0
2024-05-29,2024,5,29,수,2,0,0,,0,0
2024-05-30,2024,5,30,목,3,0,0,,0,0
2024-05-31,2024,5,31,금,4,0,0,,0,0
2024-06-01,2024,6,1,토,5,1,0,,1,0
2024-06-02,2024,6,2,일,6,1,0,,1,0
2024-06-03,2024,6,3,월,0,0,0,,0,0
2024-06-04,2024,6,4,화,1,0,0,,0,0
2024-06-05,2024,6,5,수,2,0,0,,0,0
2024-06-06,2024,6,6,목,3,0,1,현충일,1,0
2024-06-07,2024,6,7,금,4,0,0,,0,1
2024-06-08,2024,6,8,토,5,1,0,,1,0
2024-06-09,2024,6,9,일,6,1,0,,1,0
2024-06-10,2024,6,10,월,0,0,0,,0,0
2024-06-11,2024,6,11,화,1,0,0,,0,0
2024-06-12,2024,6,12,수,2,0,0,,0,0
2024-06-13,2024,6,13,목,3,0,0,,0,0
2024-06-14,2024,6,14,금,4,0,0,,0,0
2024-06-15,2024,6,15,토,5,1,0,,1,0
2024-06-16,2024,6,16,일,6,1,0,,1,0
2024-06-17,2024,6,17,월,0,0,0,,0,0
2024-06-18,2024,6,18,화,1,0,0,,0,0
2024-06-19,2024,6,19,수,2,0,0,,0,0
2024-06-20,2024,6,20,목,3,0,0,,0,0
2024-06-21,2024,6,21,금,4,0,0,,0,0
2024-06-22,2024,6,22,토,5,1,0,,1,0
2024-06-23,2024,6,23,일,6,1,0,,1,0
2024-06-24,2024,6,24,월,0,0,0,,0,0
2024-06-25,2024,6,25,화,1,0,0,,0,0
2024-06-26,2024,6,26,수,2,0,0,,0,0
2024-06-27,2024,6,27,목,3,0,0,,0,0
2024-06-28,2024,6,28,금,4,0,0,,0,0
2024-06-29,2024,6,29,토,5,1,0,,1,0
2024-06-30,2024,6,30,일,6,1,0,,1,0
2024-07-01,2024,7,1,월,0,0,0,,0,0
2024-07-02,2024,7,2,화,1,0,0,,0,0
2024-07-03,2024,7,3,수,2,0,0,,0,0
2024-07-04,2024,7,4,목,3,0,0,,0,0
2024-07-05,2024,7,5,금,4,0,0,,0,0
2024-07-06,2024,7,6,토,5,1,0,,1,0
2024-07-07,2024,7,7,일,6,1,0,,1,0
2024-07-08,2024,7,8,월,0,0,0,,0,0
2024-07-09,2024,7,9,화,1,0,0,,0,0
2024-07-10,2024,7,10,수,2,0,0,,0,0
2024-07-11,2024,7,11,목,3,0,0,,0,0
2024-07-12,2024,7,12,금,4,0,0,,0,0
2024-07-13,2024,7,13,토,5,1,0,,1,0
2024-07-14,2024,7,14,일,6,1,0,,1,0
2024-07-15,2024,7,15,월,0,0,0,,0,0
2024-07-16,2024,7,16,화,1,0,0,,0,0
2024-07-17,2024,7,17,수,2,0,0,,0,0
2024-07-18,2024,7,18,목,3,0,0,,0,0
2024-07-19,2024,7,19,금,4,0,0,,0,0
2024-07-20,2024,7,20,토,5,1,0,,1,0
2024-07-21,2024,7,21,일,6,1,0,,1,0
2024-07-22,2024,7,22,월,0,0,0,,0,0
2024-07-23,2024,7,23,화,1,0,0,,0,0
2024-07-24,2024,7,24,수,2,0,0,,0,0
2024-07-25,2024,7,25,목,3,0,0,,0,0
2024-07-26,2024,7,26,금,4,0,0,,0,0
2024-07-27,2024,7,27,토,5,1,0,,1,0
2024-07-28,2024,7,28,일,6,1,0,,1,0
2024-07-29,2024,7,29,월,0,0,0,,0,0
2024-07-30,2024,7,30,화,1,0,0,,0,0
2024-07-31,2024,7,31,수,2,0,0,,0,0
2024-08-01,2024,8,1,목,3,0,0,,0,0
2024-08-02,2024,8,2,금,4,0,0,,0,0
2024-08-03,2024,8,3,토,5,1,0,,1,0
2024-08-04,2024,8,4,일,6,1,0,,1,0
2024-08-05,2024,8,5,월,0,0,0,,0,0
2024-08-06,2024,8,6,화,1,0,0,,0,0
2024-08-07,2024,8,7,수,2,0,0,,0,0
2024-08-08,2024,8,8,목,3,0,0,,0,0
2024-08-09,2024,8,9,금,4,0,0,,0,0
2024-08-10,2024,8,10,토,5,1,0,,1,0
2024-08-11,2024,8,11,일,6,1,0,,1,0
2024-08-12,2024,8,12,월,0,0,0,,0,0
2024-08-13,2024,8,13,화,1,0,0,,0,0
2024-08-14,2024,8,14,수,2,0,0,,0,0
2024-08-15,2024,8,15,목,3,0,1,광복절,1,0
2024-08-16,2024,8,16,금,4,0,0,,0,1
2024-08-17,2024,8,17,토,5,1,0,,1,0
2024-08-18,2024,8,18,일,6,1,0,,1,0
2024-08-19,2024,8,19,월,0,0,0,,0,0
2024-08-20,2024,8,20,화,1,0,0,,0,0
2024-08-21,2024,8,21,수,2,0,0,,0,0
2024-08-22,2024,8,22,목,3,0,0,,0,0
2024-08-23,2024,8,23,금,4,0,0,,0,0
2024-08-24,2024,8,24,토,5,1,0,,1,0
2024-08-25,2024,8,25,일,6,1,0,,1,0
2024-08-26,2024,8,26,월,0,0,0,,0,0
2024-08-27,2024,8,27,화,1,0,0,,0,0
2024-08-28,2024,8,28,수,2,0,0,,0,0
2024-08-29,2024,8,29,목,3,0,0,,0,0
2024-08-30,2024,8,30,금,4,0,0,,0,0
2024-08-31,2024,8,31,토,5,1,0,,1,0
2024-09-01,2024,9,1,일,6,1,0,,1,0
2024-09-02,2024,9,2,월,0,0,0,,0,0
2024-09-03,2024,9,3,화,1,0,0,,0,0
2024-09-04,2024,9,4,수,2,0,0,,0,0
2024-09-05,2024,9,5,목,3,0,0,,0,0
2024-09-06,2024,9,6,금,4,0,0,,0,0
2024-09-07,2024,9,7,토,5,1,0,,1,0
2024-09-08,2024,9,8,일,6,1,0,,1,0
2024-09-09,2024,9,9,월,0,0,0,,0,0
2024-09-10,2024,9,10,화,1,0,0,,0,0
2024-09-11,2024,9,11,수,2,0,0,,0,0
2024-09-12,2024,9,12,목,3,0,0,,0,0
2024-09-13,2024,9,13,금,4,0,0,,0,0
2024-09-14,2024,9,14,토,5,1,0,,1,0
2024-09-15,2024,9,15,일,6,1,0,,1,0
2024-09-16,2024,9,16,월,0,0,1,추석 전날,1,0
2024-09-17,2024,9,17,화,1,0,1,추석,1,0
2024-09-18,2024,9,18,수,2,0,1,추석 다음날,1,0
2024-09-19,2024,9,19,목,3,0,0,,0,0
2024-09-20,2024,9,20,금,4,0,0,,0,0
2024-09-21,2024,9,21,토,5,1,0,,1,0
2024-09-22,2024,9,22,일,6,1,0,,1,0
2024-09-23,2024,9,23,월,0,0,0,,0,0
2024-09-24,2024,9,24,화,1,0,0,,0,0
2024-09-25,2024,9,25,수,2,0,0,,0,0
2024-09-26,2024,9,26,목,3,0,0,,0,0
2024-09-27,2024,9,27,금,4,0,0,,0,0
2024-09-28,2024,9,28,토,5,1,0,,1,0
2024-09-29,2024,9,29,일,6,1,0,,1,0
2024-09-30,2024,9,30,월,0,0,0,,0,1
2024-10-01,2024,10,1,화,1,0,1,국군의 날,1,0
2024-10-02,2024,10,2,수,2,0,0,,0,1
2024-10-03,2024,10,3,목,3,0,1,개천절,1,0
2024-10-04,2024,10,4,금,4,0,0,,0,1
2024-10-05,2024,10,5,토,5,1,0,,1,0
2024-10-06,2024,10,6,일,6,1,0,,1,0
2024-10-07,2024,10,7,월,0,0,0,,0,0
2024-10-08,2024,10,8,화,1,0,0,,0,0
2024-10-09,2024,10,9,수,2,0,1,한글날,1,0
2024-10-10,2024,10,10,목,3,0,0,,0,0
2024-10-11,2024,10,11,금,4,0,0,,0,0
2024-10-12,2024,10,12,토,5,1,0,,1,0
2024-10-13,2024,10,13,일,6,1,0,,1,0
2024-10-14,2024,10,14,월,0,0,0,,0,0
2024-10-15,2024,10,15,화,1,0,0,,0,0
2024-10-16,2024,10,16,수,2,0,0,,0,0
2024-10-17,2024,10,17,목,3,0,0,,0,0
2024-10-18,2024,10,18,금,4,0,0,,0,0
2024-10-19,2024,10,19,토,5,1,0,,1,0
2024-10-20,2024,10,20,일,6,1,0,,1,0
2024-10-21,2024,10,21,월,0,0,0,,0,0
2024-10-22,2024,10,22,화,1,0,0,,0,0
2024-10-23,2024,10,23,수,2,0,0,,0,0
2024-10-24,2024,10,24,목,3,0,0,,0,0
2024-10-25,2024,10,25,금,4,0,0,,0,0
2024-10-26,2024,10,26,토,5,1,0,,1,0
2024-10-27,2024,10,27,일,6,1,0,,1,0
2024-10-28,2024,10,28,월,0,0,0,,0,0
2024-10-29,2024,10,29,화,1,0,0,,0,0
2024-10-30,2024,10,30,수,2,0,0,,0,0
2024-10-31,2024,10,31,목,3,0,0,,0,0
2024-11-01,2024,11,1,금,4,0,0,,0,0
2024-11-02,2024,11,2,토,5,1,0,,1,0
2024-11-03,2024,11,3,일,6,1,0,,1,0
2024-11-04,2024,11,4,월,0,0,0,,0,0
2024-11-05,2024,11,5,화,1,0,0,,0,0
2024-11-06,2024,11,6,수,2,0,0,,0,0
2024-11-07,2024,11,7,목,3,0,0,,0,0
2024-11-08,2024,11,8,금,4,0,0,,0,0
2024-11-09,2024,11,9,토,5,1,0,,1,0
2024-11-10,2024,11,10,일,6,1,0,,1,0
2024-11-11,2024,11,11,월,0,0,0,,0,0
2024-11-12,2024,11,12,화,1,0,0,,0,0
2024-11-13,2024,11,13,수,2,0,0,,0,0
2024-11-14,2024,11,14,목,3,0,0,,0,0
2024-11-15,2024,11,15,금,4,0,0,,0,0
2024-11-16,2024,11,16,토,5,1,0,,1,0
2024-11-17,2024,11,17,일,6,1,0,,1,0
2024-11-18,2024,11,18,월,0,0,0,,0,0
2024-11-19,2024,11,19,화,1,0,0,,0,0
2024-11-20,2024,11,20,수,2,0,0,,0,0
2024-11-21,2024,11,21,목,3,0,0,,0,0
2024-11-22,2024,11,22,금,4,0,0,,0,0
2024-11-23,2024,11,23,토,5,1,0,,1,0
2024-11-24,2024,11,24,일,6,1,0,,1,0
2024-11-25,2024,11,25,월,0,0,0,,0,0
2024-11-26,2024,11,26,화,1,0,0,,0,0
2024-11-27,2024,11,27,수,2,0,0,,0,0
2024-11-28,2024,11,28,목,3,0,0,,0,0
2024-11-29,2024,11,29,금,4,0,0,,0,0
2024-11-30,2024,11,30,토,5,1,0,,1,0
2024-12-01,2024,12,1,일,6,1,0,,1,0
2024-12-02,2024,12,2,월,0,0,0,,0,0
2024-12-03,2024,12,3,화,1,0,0,,0,0
2024-12-04,2024,12,4,수,2,0,0,,0,0
2024-12-05,2024,12,5,목,3,0,0,,0,0
2024-12-06,2024,12,6,금,4,0,0,,0,0
2024-12-07,2024,12,7,토,5,1,0,,1,0
2024-12-08,2024,12,8,일,6,1,0,,1,0
2024-12-09,2024,12,9,월,0,0,0,,0,0
2024-12-10,2024,12,10,화,1,0,0,,0,0
2024-12-11,2024,12,11,수,2,0,0,,0,0
2024-12-12,2024,12,12,목,3,0,0,,0,0
2024-12-13,2024,12,13,금,4,0,0,,0,0
2024-12-14,2024,12,14,토,5,1,0,,1,0
2024-12-15,2024,12,15,일,6,1,0,,1,0
2024-12-16,2024,12,16,월,0,0,0,,0,0
2024-12-17,2024,12,17,화,1,0,0,,0,0
2024-12-18,2024,12,18,수,2,0,0,,0,0
2024-12-19,2024,12,19,목,3,0,0,,0,0
2024-12-20,2024,12,20,금,4,0,0,,0,0
2024-12-21,2024,12,21,토,5,1,0,,1,0
2024-12-22,2024,12,22,일,6,1,0,,1,0
2024-12-23,2024,12,23,월,0,0,0,,0,0
2024-12-24,2024,12,24,화,1,0,0,,0,0
2024-12-25,2024,12,25,수,2,0,1,기독탄신일,1,0
2024-12-26,2024,12,26,목,3,0,0,,0,0
2024-12-27,2024,12,27,금,4,0,0,,0,0
2024-12-28,2024,12,28,토,5,1,0,,1,0
2024-12-29,2024,12,29,일,6,1,0,,1,0
2024-12-30,2024,12,30,월,0,0,0,,0,0
2024-12-31,2024,12,31,화,1,0,0,,0,0
2025-01-01,2025,1,1,수,2,0,1,신정연휴,1,0
2025-01-02,2025,1,2,목,3,0,0,,0,0
2025-01-03,2025,1,3,금,4,0,0,,0,0
2025-01-04,2025,1,4,토,5,1,0,,1,0
2025-01-05,2025,1,5,일,6,1,0,,1,0
2025-01-06,2025,1,6,월,0,0,0,,0,0
2025-01-07,2025,1,7,화,1,0,0,,0,0
2025-01-08,2025,1,8,수,2,0,0,,0,0
2025-01-09,2025,1,9,목,3,0,0,,0,0
2025-01-10,2025,1,10,금,4,0,0,,0,0
2025-01-11,2025,1,11,토,5,1,0,,1,0
2025-01-12,2025,1,12,일,6,1,0,,1,0
2025-01-13,2025,1,13,월,0,0,0,,0,0
2025-01-14,2025,1,14,화,1,0,0,,0,0
2025-01-15,2025,1,15,수,2,0,0,,0,0
2025-01-16,2025,1,16,목,3,0,0,,0,0
2025-01-17,2025,1,17,금,4,0,0,,0,0
2025-01-18,2025,1,18,토,5,1,0,,1,0
2025-01-19,2025,1,19,일,6,1,0,,1,0
2025-01-20,2025,1,20,월,0,0,0,,0,0
2025-01-21,2025,1,21,화,1,0,0,,0,0
2025-01-22,2025,1,22,수,2,0,0,,0,0
2025-01-23,2025,1,23,목,3,0,0,,0,0
2025-01-24,2025,1,24,금,4,0,0,,0,0
2025-01-25,2025,1,25,토,5,1,0,,1,0
2025-01-26,2025,1,26,일,6,1,0,,1,0
2025-01-27,2025,1,27,월,0,0,1,임시공휴일,1,0
2025-01-28,2025,1,28,화,1,0,1,설날 전날,1,0
2025-01-29,2025,1,29,수,2,0,1,설날,1,0
2025-01-30,2025,1,30,목,3,0,1,설날 다음날,1,0
2025-01-31,2025,1,31,금,4,0,0,,0,1
2025-02-01,2025,2,1,토,5,1,0,,1,0
2025-02-02,2025,2,2,일,6,1,0,,1,0
2025-02-03,2025,2,3,월,0,0,0,,0,0
2025-02-04,2025,2,4,화,1,0,0,,0,0
2025-02-05,2025,2,5,수,2,0,0,,0,0
2025-02-06,2025,2,6,목,3,0,0,,0,0
2025-02-07,2025,2,7,금,4,0,0,,0,0
2025-02-08,2025,2,8,토,5,1,0,,1,0
2025-02-09,2025,2,9,일,6,1,0,,1,0
2025-02-10,2025,2,10,월,0,0,0,,0,0
2025-02-11,2025,2,11,화,1,0,0,,0,0
2025-02-12,2025,2,12,수,2,0,0,,0,0
2025-02-13,2025,2,13,목,3,0,0,,0,0
2025-02-14,2025,2,14,금,4,0,0,,0,0
2025-02-15,2025,2,15,토,5,1,0,,1,0
2025-02-16,2025,2,16,일,6,1,0,,1,0
2025-02-17,2025,2,17,월,0,0,0,,0,0
2025-02-18,2025,2,18,화,1,0,0,,0,0
2025-02-19,2025,2,19,수,2,0,0,,0,0
2025-02-20,2025,2,20,목,3,0,0,,0,0
2025-02-21,2025,2,21,금,4,0,0,,0,0
2025-02-22,2025,2,22,토,5,1,0,,1,0
2025-02-23,2025,2,23,일,6,1,0,,1,0
2025-02-24,2025,2,24,월,0,0,0,,0,0
2025-02-25,2025,2,25,화,1,0,0,,0,0
2025-02-26,2025,2,26,수,2,0,0,,0,0
2025-02-27,2025,2,27,목,3,0,0,,0,0
2025-02-28,2025,2,28,금,4,0,0,,0,0
2025-03-01,2025,3,1,토,5,1,1,삼일절,1,0
2025-03-02,2025,3,2,일,6,1,0,,1,0
2025-03-03,2025,3,3,월,0,0,1,삼일절 대체 휴일,1,0
2025-03-04,2025,3,4,화,1,0,0,,0,0
2025-03-05,2025,3,5,수,2,0,0,,0,0
2025-03-06,2025,3,6,목,3,0,0,,0,0
2025-03-07,2025,3,7,금,4,0,0,,0,0
2025-03-08,2025,3,8,토,5,1,0,,1,0
2025-03-09,2025,3,9,일,6,1,0,,1,0
2025-03-10,2025,3,10,월,0,0,0,,0,0
2025-03-11,2025,3,11,화,1,0,0,,0,0
2025-03-12,2025,3,12,수,2,0,0,,0,0
2025-03-13,2025,3,13,목,3,0,0,,0,0
2025-03-14,2025,3,14,금,4,0,0,,0,0
2025-03-15,2025,3,15,토,5,1,0,,1,0
2025-03-16,2025,3,16,일,6,1,0,,1,0
2025-03-17,2025,3,17,월,0,0,0,,0,0
2025-03-18,2025,3,18,화,1,0,0,,0,0
2025-03-19,2025,3,19,수,2,0,0,,0,0
2025-03-20,2025,3,20,목,3,0,0,,0,0
2025-03-21,2025,3,21,금,4,0,0,,0,0
2025-03-22,2025,3,22,토,5,1,0,,1,0
2025-03-23,2025,3,23,일,6,1,0,,1,0
2025-03-24,2025,3,24,월,0,0,0,,0,0
2025-03-25,2025,3,25,화,1,0,0,,0,0
2025-03-26,2025,3,26,수,2,0,0,,0,0
2025-03-27,2025,3,27,목,3,0,0,,0,0
2025-03-28,2025,3,28,금,4,0,0,,0,0
2025-03-29,2025,3,29,토,5,1,0,,1,0
2025-03-30,2025,3,30,일,6,1,0,,1,0
2025-03-31,2025,3,31,월,0,0,0,,0,0
2025-04-01,2025,4,1,화,1,0,0,,0,0
2025-04-02,2025,4,2,수,2,0,0,,0,0
2025-04-03,2025,4,3,목,3,0,0,,0,0
2025-04-04,2025,4,4,금,4,0,0,,0,0
2025-04-05,2025,4,5,토,5,1,0,,1,0
2025-04-06,2025,4,6,일,6,1,0,,1,0
2025-04-07,2025,4,7,월,0,0,0,,0,0
2025-04-08,2025,4,8,화,1,0,0,,0,0
2025-04-09,2025,4,9,수,2,0,0,,0,0
2025-04-10,2025,4,10,목,3,0,0,,0,0
2025-04-11,2025,4,11,금,4,0,0,,0,0
2025-04-12,2025,4,12,토,5,1,0,,1,0
2025-04-13,2025,4,13,일,6,1,0,,1,0
2025-04-14,2025,4,14,월,0,0,0,,0,0
2025-04-15,2025,4,15,화,1,0,0,,0,0
2025-04-16,2025,4,16,수,2,0,0,,0,0
2025-04-17,2025,4,17,목,3,0,0,,0,0
2025-04-18,2025,4,18,금,4,0,0,,0,0
2025-04-19,2025,4,19,토,5,1,0,,1,0
2025-04-20,2025,4,20,일,6,1,0,,1,0
2025-04-21,2025,4,21,월,0,0,0,,0,0
2025-04-22,2025,4,22,화,1,0,0,,0,0
2025-04-23,2025,4,23,수,2,0,0,,0,0
2025-04-24,2025,4,24,목,3,0,0,,0,0
2025-04-25,2025,4,25,금,4,0,0,,0,0
2025-04-26,2025,4,26,토,5,1,0,,1,0
2025-04-27,2025,4,27,일,6,1,0,,1,0
2025-04-28,2025,4,28,월,0,0,0,,0,0
2025-04-29,2025,4,29,화,1,0,0,,0,0
2025-04-30,2025,4,30,수,2,0,0,,0,0
2025-05-01,2025,5,1,목,3,0,0,,0,0
2025-05-02,2025,5,2,금,4,0,0,,0,0
2025-05-03,2025,5,3,토,5,1,0,,1,0
2025-05-04,2025,5,4,일,6,1,0,,1,0
2025-05-05,2025,5,5,월,0,0,1,부처님오신날; 어린이날,1,0
2025-05-06,2025,5,6,화,1,0,1,부처님오신날 대체 휴일; 어린이날 대체 휴일,1,0
2025-05-07,2025,5,7,수,2,0,0,,0,0
2025-05-08,2025,5,8,목,3,0,0,,0,0
2025-05-09,2025,5,9,금,4,0,0,,0,0
2025-05-10,2025,5,10,토,5,1,0,,1,0
2025-05-11,2025,5,11,일,6,1,0,,1,0
2025-05-12,2025,5,12,월,0,0,0,,0,0
2025-05-13,2025,5,13,화,1,0,0,,0,0
2025-05-14,2025,5,14,수,2,0,0,,0,0
2025-05-15,2025,5,15,목,3,0,0,,0,0
2025-05-16,2025,5,16,금,4,0,0,,0,0
2025-05-17,2025,5,17,토,5,1,0,,1,0
2025-05-18,2025,5,18,일,6,1,0,,1,0
2025-05-19,2025,5,19,월,0,0,0,,0,0
2025-05-20,2025,5,20,화,1,0,0,,0,0
2025-05-21,2025,5,21,수,2,0,0,,0,0
2025-05-22,2025,5,22,목,3,0,0,,0,0
2025-05-23,2025,5,23,금,4,0,0,,0,0
2025-05-24,2025,5,24,토,5,1,0,,1,0
2025-05-25,2025,5,25,일,6,1,0,,1,0
2025-05-26,2025,5,26,월,0,0,0,,0,0
2025-05-27,2025,5,27,화,1,0,0,,0,0
2025-05-28,2025,5,28,수,2,0,0,,0,0
2025-05-29,2025,5,29,목,3,0,0,,0,0
2025-05-30,2025,5,30,금,4,0,0,,0,0
2025-05-31,2025,5,31,토,5,1,0,,1,0
2025-06-01,2025,6,1,일,6,1,0,,1,0
2025-06-02,2025,6,2,월,0,0,0,,0,1
2025-06-03,2025,6,3,화,1,0,1,대통령 선거일,1,0
2025-06-04,2025,6,4,수,2,0,0,,0,0
2025-06-05,2025,6,5,목,3,0,0,,0,0
2025-06-06,2025,6,6,금,4,0,1,현충일,1,0
2025-06-07,2025,6,7,토,5,1,0,,1,0
2025-06-08,2025,6,8,일,6,1,0,,1,0
2025-06-09,2025,6,9,월,0,0,0,,0,0
2025-06-10,2025,6,10,화,1,0,0,,0,0
2025-06-11,2025,6,11,수,2,0,0,,0,0
2025-06-12,2025,6,12,목,3,0,0,,0,0
2025-06-13,2025,6,13,금,4,0,0,,0,0
2025-06-14,2025,6,14,토,5,1,0,,1,0
2025-06-15,2025,6,15,일,6,1,0,,1,0
2025-06-16,2025,6,16,월,0,0,0,,0,0
2025-06-17,2025,6,17,화,1,0,0,,0,0
2025-06-18,2025,6,18,수,2,0,0,,0,0
2025-06-19,2025,6,19,목,3,0,0,,0,0
2025-06-20,2025,6,20,금,4,0,0,,0,0
2025-06-21,2025,6,21,토,5,1,0,,1,0
2025-06-22,2025,6,22,일,6,1,0,,1,0
2025-06-23,2025,6,23,월,0,0,0,,0,0
2025-06-24,2025,6,24,화,1,0,0,,0,0
2025-06-25,2025,6,25,수,2,0,0,,0,0
2025-06-26,2025,6,26,목,3,0,0,,0,0
2025-06-27,2025,6,27,금,4,0,0,,0,0
2025-06-28,2025,6,28,토,5,1,0,,1,0
2025-06-29,2025,6,29,일,6,1,0,,1,0
2025-06-30,2025,6,30,월,0,0,0,,0,0
2025-07-01,2025,7,1,화,1,0,0,,0,0
2025-07-02,2025,7,2,수,2,0,0,,0,0
2025-07-03,2025,7,3,목,3,0,0,,0,0
2025-07-04,2025,7,4,금,4,0,0,,0,0
2025-07-05,2025,7,5,토,5,1,0,,1,0
2025-07-06,2025,7,6,일,6,1,0,,1,0
2025-07-07,2025,7,7,월,0,0,0,,0,0
2025-07-08,2025,7,8,화,1,0,0,,0,0
2025-07-09,2025,7,9,수,2,0,0,,0,0
2025-07-10,2025,7,10,목,3,0,0,,0,0
2025-07-11,2025,7,11,금,4,0,0,,0,0
2025-07-12,2025,7,12,토,5,1,0,,1,0
2025-07-13,2025,7,13,일,6,1,0,,1,0
2025-07-14,2025,7,14,월,0,0,0,,0,0
2025-07-15,2025,7,15,화,1,0,0,,0,0
2025-07-16,2025,7,16,수,2,0,0,,0,0
2025-07-17,2025,7,17,목,3,0,0,,0,0
2025-07-18,2025,7,18,금,4,0,0,,0,0
2025-07-19,2025,7,19,토,5,1,0,,1,0
2025-07-20,2025,7,20,일,6,1,0,,1,0
2025-07-21,2025,7,21,월,0,0,0,,0,0
2025-07-22,2025,7,22,화,1,0,0,,0,0
2025-07-23,2025,7,23,수,2,0,0,,0,0
2025-07-24,2025,7,24,목,3,0,0,,0,0
2025-07-25,2025,7,25,금,4,0,0,,0,0
2025-07-26,2025,7,26,토,5,1,0,,1,0
2025-07-27,2025,7,27,일,6,1,0,,1,0
2025-07-28,2025,7,28,월,0,0,0,,0,0
2025-07-29,2025,7,29,화,1,0,0,,0,0
2025-07-30,2025,7,30,수,2,0,0,,0,0
2025-07-31,2025,7,31,목,3,0,0,,0,0
2025-08-01,2025,8,1,금,4,0,0,,0,0
2025-08-02,2025,8,2,토,5,1,0,,1,0
2025-08-03,2025,8,3,일,6,1,0,,1,0
2025-08-04,2025,8,4,월,0,0,0,,0,0
2025-08-05,2025,8,5,화,1,0,0,,0,0
2025-08-06,2025,8,6,수,2,0,0,,0,0
2025-08-07,2025,8,7,목,3,0,0,,0,0
2025-08-08,2025,8,8,금,4,0,0,,0,0
2025-08-09,2025,8,9,토,5,1,0,,1,0
2025-08-10,2025,8,10,일,6,1,0,,1,0
2025-08-11,2025,8,11,월,0,0,0,,0,0
2025-08-12,2025,8,12,화,1,0,0,,0,0
2025-08-13,2025,8,13,수,2,0,0,,0,0
2025-08-14,2025,8,14,목,3,0,0,,0,0
2025-08-15,2025,8,15,금,4,0,1,광복절,1,0
2025-08-16,2025,8,16,토,5,1,0,,1,0
2025-08-17,2025,8,17,일,6,1,0,,1,0
2025-08-18,2025,8,18,월,0,0,0,,0,0
2025-08-19,2025,8,19,화,1,0,0,,0,0
2025-08-20,2025,8,20,수,2,0,0,,0,0
2025-08-21,2025,8,21,목,3,0,0,,0,0
2025-08-22,2025,8,22,금,4,0,0,,0,0
2025-08-23,2025,8,23,토,5,1,0,,1,0
2025-08-24,2025,8,24,일,6,1,0,,1,0
2025-08-25,2025,8,25,월,0,0,0,,0,0
2025-08-26,2025,8,26,화,1,0,0,,0,0
2025-08-27,2025,8,27,수,2,0,0,,0,0
2025-08-28,2025,8,28,목,3,0,0,,0,0
2025-08-29,2025,8,29,금,4,0,0,,0,0
2025-08-30,2025,8,30,토,5,1,0,,1,0
2025-08-31,2025,8,31,일,6,1,0,,1,0
2025-09-01,2025,9,1,월,0,0,0,,0,0
2025-09-02,2025,9,2,화,1,0,0,,0,0
2025-09-03,2025,9,3,수,2,0,0,,0,0
2025-09-04,2025,9,4,목,3,0,0,,0,0
2025-09-05,2025,9,5,금,4,0,0,,0,0
2025-09-06,2025,9,6,토,5,1,0,,1,0
2025-09-07,2025,9,7,일,6,1,0,,1,0
2025-09-08,2025,9,8,월,0,0,0,,0,0
2025-09-09,2025,9,9,화,1,0,0,,0,0
2025-09-10,2025,9,10,수,2,0,0,,0,0
2025-09-11,2025,9,11,목,3,0,0,,0,0
2025-09-12,2025,9,12,금,4,0,0,,0,0
2025-09-13,2025,9,13,토,5,1,0,,1,0
2025-09-14,2025,9,14,일,6,1,0,,1,0
2025-09-15,2025,9,15,월,0,0,0,,0,0
2025-09-16,2025,9,16,화,1,0,0,,0,0
2025-09-17,2025,9,17,수,2,0,0,,0,0
2025-09-18,2025,9,18,목,3,0,0,,0,0
2025-09-19,2025,9,19,금,4,0,0,,0,0
2025-09-20,2025,9,20,토,5,1,0,,1,0
2025-09-21,2025,9,21,일,6,1,0,,1,0
2025-09-22,2025,9,22,월,0,0,0,,0,0
2025-09-23,2025,9,23,화,1,0,0,,0,0
2025-09-24,2025,9,24,수,2,0,0,,0,0
2025-09-25,2025,9,25,목,3,0,0,,0,0
2025-09-26,2025,9,26,금,4,0,0,,0,0
2025-09-27,2025,9,27,토,5,1,0,,1,0
2025-09-28,2025,9,28,일,6,1,0,,1,0
2025-09-29,2025,9,29,월,0,0,0,,0,0
2025-09-30,2025,9,30,화,1,0,0,,0,0
2025-10-01,2025,10,1,수,2,0,0,,0,0
2025-10-02,2025,10,2,목,3,0,0,,0,0
2025-10-03,2025,10,3,금,4,0,1,개천절,1,0
2025-10-04,2025,10,4,토,5,1,0,,1,0
2025-10-05,2025,10,5,일,6,1,1,추석 전날,1,0
2025-10-06,2025,10,6,월,0,0,1,추석,1,0
2025-10-07,2025,10,7,화,1,0,1,추석 다음날,1,0
2025-10-08,2025,10,8,수,2,0,1,추석 대체 휴일,1,0
2025-10-09,2025,10,9,목,3,0,1,한글날,1,0
2025-10-10,2025,10,10,금,4,0,0,,0,1
2025-10-11,2025,10,11,토,5,1,0,,1,0
2025-10-12,2025,10,12,일,6,1,0,,1,0
2025-10-13,2025,10,13,월,0,0,0,,0,0
2025-10-14,2025,10,14,화,1,0,0,,0,0
2025-10-15,2025,10,15,수,2,0,0,,0,0
2025-10-16,2025,10,16,목,3,0,0,,0,0
2025-10-17,2025,10,17,금,4,0,0,,0,0
2025-10-18,2025,10,18,토,5,1,0,,1,0
2025-10-19,2025,10,19,일,6,1,0,,1,0
2025-10-20,2025,10,20,월,0,0,0,,0,0
2025-10-21,2025,10,21,화,1,0,0,,0,0
2025-10-22,2025,10,22,수,2,0,0,,0,0
2025-10-23,2025,10,23,목,3,0,0,,0,0
2025-10-24,2025,10,24,금,4,0,0,,0,0
2025-10-25,2025,10,25,토,5,1,0,,1,0
2025-10-26,2025,10,26,일,6,1,0,,1,0
2025-10-27,2025,10,27,월,0,0,0,,0,0
2025-10-28,2025,10,28,화,1,0,0,,0,0
2025-10-29,2025,10,29,수,2,0,0,,0,0
2025-10-30,2025,10,30,목,3,0,0,,0,0
2025-10-31,2025,10,31,금,4,0,0,,0,0
2025-11-01,2025,11,1,토,5,1,0,,1,0
2025-11-02,2025,11,2,일,6,1,0,,1,0
2025-11-03,2025,11,3,월,0,0,0,,0,0
2025-11-04,2025,11,4,화,1,0,0,,0,0
2025-11-05,2025,11,5,수,2,0,0,,0,0
2025-11-06,2025,11,6,목,3,0,0,,0,0
2025-11-07,2025,11,7,금,4,0,0,,0,0
2025-11-08,2025,11,8,토,5,1,0,,1,0
2025-11-09,2025,11,9,일,6,1,0,,1,0
2025-11-10,2025,11,10,월,0,0,0,,0,0
2025-11-11,2025,11,11,화,1,0,0,,0,0
2025-11-12,2025,11,12,수,2,0,0,,0,0
2025-11-13,2025,11,13,목,3,0,0,,0,0
2025-11-14,2025,11,14,금,4,0,0,,0,0
2025-11-15,2025,11,15,토,5,1,0,,1,0
2025-11-16,2025,11,16,일,6,1,0,,1,0
2025-11-17,2025,11,17,월,0,0,0,,0,0
2025-11-18,2025,11,18,화,1,0,0,,0,0
2025-11-19,2025,11,19,수,2,0,0,,0,0
2025-11-20,2025,11,20,목,3,0,0,,0,0
2025-11-21,2025,11,21,금,4,0,0,,0,0
2025-11-22,2025,11,22,토,5,1,0,,1,0
2025-11-23,2025,11,23,일,6,1,0,,1,0
2025-11-24,2025,11,24,월,0,0,0,,0,0
2025-11-25,2025,11,25,화,1,0,0,,0,0
2025-11-26,2025,11,26,수,2,0,0,,0,0
2025-11-27,2025,11,27,목,3,0,0,,0,0
2025-11-28,2025,11,28,금,4,0,0,,0,0
2025-11-29,2025,11,29,토,5,1,0,,1,0
2025-11-30,2025,11,30,일,6,1,0,,1,0
2025-12-01,2025,12,1,월,0,0,0,,0,0
2025-12-02,2025,12,2,화,1,0,0,,0,0
2025-12-03,2025,12,3,수,2,0,0,,0,0
2025-12-04,2025,12,4,목,3,0,0,,0,0
2025-12-05,2025,12,5,금,4,0,0,,0,0
2025-12-06,2025,12,6,토,5,1,0,,1,0
2025-12-07,2025,12,7,일,6,1,0,,1,0
2025-12-08,2025,12,8,월,0,0,0,,0,0
2025-12-09,2025,12,9,화,1,0,0,,0,0
2025-12-10,2025,12,10,수,2,0,0,,0,0
2025-12-11,2025,12,11,목,3,0,0,,0,0
2025-12-12,2025,12,12,금,4,0,0,,0,0
2025-12-13,2025,12,13,토,5,1,0,,1,0
2025-12-14,2025,12,14,일,6,1,0,,1,0
2025-12-15,2025,12,15,월,0,0,0,,0,0
2025-12-16,2025,12,16,화,1,0,0,,0,0
2025-12-17,2025,12,17,수,2,0,0,,0,0
2025-12-18,2025,12,18,목,3,0,0,,0,0
2025-12-19,2025,12,19,금,4,0,0,,0,0
2025-12-20,2025,12,20,토,5,1,0,,1,0
2025-12-21,2025,12,21,일,6,1,0,,1,0
2025-12-22,2025,12,22,월,0,0,0,,0,0
2025-12-23,2025,12,23,화,1,0,0,,0,0
2025-12-24,2025,12,24,수,2,0,0,,0,0
2025-12-25,2025,12,25,목,3,0,1,기독탄신일,1,0
2025-12-26,2025,12,26,금,4,0,0,,0,1
2025-12-27,2025,12,27,토,5,1,0,,1,0
2025-12-28,2025,12,28,일,6,1,0,,1,0
2025-12-29,2025,12,29,월,0,0,0,,0,0
2025-12-30,2025,12,30,화,1,0,0,,0,0
2025-12-31,2025,12,31,수,2,0,0,,0,0
2026-01-01,2026,1,1,목,3,0,1,신정연휴,1,0
2026-01-02,2026,1,2,금,4,0,0,,0,1
2026-01-03,2026,1,3,토,5,1,0,,1,0
2026-01-04,2026,1,4,일,6,1,0,,1,0
2026-01-05,2026,1,5,월,0,0,0,,0,0
2026-01-06,2026,1,6,화,1,0,0,,0,0
2026-01-07,2026,1,7,수,2,0,0,,0,0
2026-01-08,2026,1,8,목,3,0,0,,0,0
2026-01-09,2026,1,9,금,4,0,0,,0,0
2026-01-10,2026,1,10,토,5,1,0,,1,0
2026-01-11,2026,1,11,일,6,1,0,,1,0
2026-01-12,2026,1,12,월,0,0,0,,0,0
2026-01-13,2026,1,13,화,1,0,0,,0,0
2026-01-14,2026,1,14,수,2,0,0,,0,0
2026-01-15,2026,1,15,목,3,0,0,,0,0
2026-01-16,2026,1,16,금,4,0,0,,0,0
2026-01-17,2026,1,17,토,5,1,0,,1,0
2026-01-18,2026,1,18,일,6,1,0,,1,0
2026-01-19,2026,1,19,월,0,0,0,,0,0
2026-01-20,2026,1,20,화,1,0,0,,0,0
2026-01-21,2026,1,21,수,2,0,0,,0,0
2026-01-22,2026,1,22,목,3,0,0,,0,0
2026-01-23,2026,1,23,금,4,0,0,,0,0
2026-01-24,2026,1,24,토,5,1,0,,1,0
2026-01-25,2026,1,25,일,6,1,0,,1,0
2026-01-26,2026,1,26,월,0,0,0,,0,0
2026-01-27,2026,1,27,화,1,0,0,,0,0
2026-01-28,2026,1,28,수,2,0,0,,0,0
2026-01-29,2026,1,29,목,3,0,0,,0,0
2026-01-30,2026,1,30,금,4,0,0,,0,0
2026-01-31,2026,1,31,토,5,1,0,,1,0
2026-02-01,2026,2,1,일,6,1,0,,1,0
2026-02-02,2026,2,2,월,0,0,0,,0,0
2026-02-03,2026,2,3,화,1,0,0,,0,0
2026-02-04,2026,2,4,수,2,0,0,,0,0
2026-02-05,2026,2,5,목,3,0,0,,0,0
2026-02-06,2026,2,6,금,4,0,0,,0,0
2026-02-07,2026,2,7,토,5,1,0,,1,0
2026-02-08,2026,2,8,일,6,1,0,,1,0
2026-02-09,2026,2,9,월,0,0,0,,0,0
2026-02-10,2026,2,10,화,1,0,0,,0,0
2026-02-11,2026,2,11,수,2,0,0,,0,0
2026-02-12,2026,2,12,목,3,0,0,,0,0
2026-02-13,2026,2,13,금,4,0,0,,0,0
2026-02-14,2026,2,14,토,5,1,0,,1,0
2026-02-15,2026,2,15,일,6,1,0,,1,0
2026-02-16,2026,2,16,월,0,0,1,설날 전날,1,0
2026-02-17,2026,2,17,화,1,0,1,설날,1,0
2026-02-18,2026,2,18,수,2,0,1,설날 다음날,1,0
2026-02-19,2026,2,19,목,3,0,0,,0,0
2026-02-20,2026,2,20,금,4,0,0,,0,0
2026-02-21,2026,2,21,토,5,1,0,,1,0
2026-02-22,2026,2,22,일,6,1,0,,1,0
2026-02-23,2026,2,23,월,0,0,0,,0,0
2026-02-24,2026,2,24,화,1,0,0,,0,0
2026-02-25,2026,2,25,수,2,0,0,,0,0
2026-02-26,2026,2,26,목,3,0,0,,0,0
2026-02-27,2026,2,27,금,4,0,0,,0,0
2026-02-28,2026,2,28,토,5,1,0,,1,0
2026-03-01,2026,3,1,일,6,1,1,삼일절,1,0
2026-03-02,2026,3,2,월,0,0,1,삼일절 대체 휴일,1,0
2026-03-03,2026,3,3,화,1,0,0,,0,0
2026-03-04,2026,3,4,수,2,0,0,,0,0
2026-03-05,2026,3,5,목,3,0,0,,0,0
2026-03-06,2026,3,6,금,4,0,0,,0,0
2026-03-07,2026,3,7,토,5,1,0,,1,0
2026-03-08,2026,3,8,일,6,1,0,,1,0
2026-03-09,2026,3,9,월,0,0,0,,0,0
2026-03-10,2026,3,10,화,1,0,0,,0,0
2026-03-11,2026,3,11,수,2,0,0,,0,0
2026-03-12,2026,3,12,목,3,0,0,,0,0
2026-03-13,2026,3,13,금,4,0,0,,0,0
2026-03-14,2026,3,14,토,5,1,0,,1,0
2026-03-15,2026,3,15,일,6,1,0,,1,0
2026-03-16,2026,3,16,월,0,0,0,,0,0
2026-03-17,2026,3,17,화,1,0,0,,0,0
2026-03-18,2026,3,18,수,2,0,0,,0,0
2026-03-19,2026,3,19,목,3,0,0,,0,0
2026-03-20,2026,3,20,금,4,0,0,,0,0
2026-03-21,2026,3,21,토,5,1,0,,1,0
2026-03-22,2026,3,22,일,6,1,0,,1,0
2026-03-23,2026,3,23,월,0,0,0,,0,0
2026-03-24,2026,3,24,화,1,0,0,,0,0
2026-03-25,2026,3,25,수,2,0,0,,0,0
2026-03-26,2026,3,26,목,3,0,0,,0,0
2026-03-27,2026,3,27,금,4,0,0,,0,0
2026-03-28,2026,3,28,토,5,1,0,,1,0
2026-03-29,2026,3,29,일,6,1,0,,1,0
2026-03-30,2026,3,30,월,0,0,0,,0,0
2026-03-31,2026,3,31,화,1,0,0,,0,0
2026-04-01,2026,4,1,수,2,0,0,,0,0
2026-04-02,2026,4,2,목,3,0,0,,0,0
2026-04-03,2026,4,3,금,4,0,0,,0,0
2026-04-04,2026,4,4,토,5,1,0,,1,0
2026-04-05,2026,4,5,일,6,1,0,,1,0
2026-04-06,2026,4,6,월,0,0,0,,0,0
2026-04-07,2026,4,7,화,1,0,0,,0,0
2026-04-08,2026,4,8,수,2,0,0,,0,0
2026-04-09,2026,4,9,목,3,0,0,,0,0
2026-04-10,2026,4,10,금,4,0,0,,0,0
2026-04-11,2026,4,11,토,5,1,0,,1,0
2026-04-12,2026,4,12,일,6,1,0,,1,0
2026-04-13,2026,4,13,월,0,0,0,,0,0
2026-04-14,2026,4,14,화,1,0,0,,0,0
2026-04-15,2026,4,15,수,2,0,0,,0,0
2026-04-16,2026,4,16,목,3,0,0,,0,0
2026-04-17,2026,4,17,금,4,0,0,,0,0
2026-04-18,2026,4,18,토,5,1,0,,1,0
2026-04-19,2026,4,19,일,6,1,0,,1,0
2026-04-20,2026,4,20,월,0,0,0,,0,0
2026-04-21,2026,4,21,화,1,0,0,,0,0
2026-04-22,2026,4,22,수,2,0,0,,0,0
2026-04-23,2026,4,23,목,3,0,0,,0,0
2026-04-24,2026,4,24,금,4,0,0,,0,0
2026-04-25,2026,4,25,토,5,1,0,,1,0
2026-04-26,2026,4,26,일,6,1,0,,1,0
2026-04-27,2026,4,27,월,0,0,0,,0,0
2026-04-28,2026,4,28,화,1,0,0,,0,0
2026-04-29,2026,4,29,수,2,0,0,,0,0
2026-04-30,2026,4,30,목,3,0,0,,0,0
2026-05-01,2026,5,1,금,4,0,0,,0,0
2026-05-02,2026,5,2,토,5,1,0,,1,0
2026-05-03,2026,5,3,일,6,1,0,,1,0
2026-05-04,2026,5,4,월,0,0,0,,0,1
2026-05-05,2026,5,5,화,1,0,1,어린이날,1,0
2026-05-06,2026,5,6,수,2,0,0,,0,0
2026-05-07,2026,5,7,목,3,0,0,,0,0
2026-05-08,2026,5,8,금,4,0,0,,0,0
2026-05-09,2026,5,9,토,5,1,0,,1,0
2026-05-10,2026,5,10,일,6,1,0,,1,0
2026-05-11,2026,5,11,월,0,0,0,,0,0
2026-05-12,2026,5,12,화,1,0,0,,0,0
2026-05-13,2026,5,13,수,2,0,0,,0,0
2026-05-14,2026,5,14,목,3,0,0,,0,0
2026-05-15,2026,5,15,금,4,0,0,,0,0
2026-05-16,2026,5,16,토,5,1,0,,1,0
2026-05-17,2026,5,17,일,6,1,0,,1,0
2026-05-18,2026,5,18,월,0,0,0,,0,0
2026-05-19,2026,5,19,화,1,0,0,,0,0
2026-05-20,2026,5,20,수,2,0,0,,0,0
2026-05-21,2026,5,21,목,3,0,0,,0,0
2026-05-22,2026,5,22,금,4,0,0,,0,0
2026-05-23,2026,5,23,토,5,1,0,,1,0
2026-05-24,2026,5,24,일,6,1,1,부처님오신날,1,0
2026-05-25,2026,5,25,월,0,0,1,부처님오신날 대체 휴일,1,0
2026-05-26,2026,5,26,화,1,0,0,,0,0
2026-05-27,2026,5,27,수,2,0,0,,0,0
2026-05-28,2026,5,28,목,3,0,0,,0,0
2026-05-29,2026,5,29,금,4,0,0,,0,0
2026-05-30,2026,5,30,토,5,1,0,,1,0
2026-05-31,2026,5,31,일,6,1,0,,1,0
2026-06-01,2026,6,1,월,0,0,0,,0,0
2026-06-02,2026,6,2,화,1,0,0,,0,0
2026-06-03,2026,6,3,수,2,0,1,지방선거일,1,0
2026-06-04,2026,6,4,목,3,0,0,,0,0
2026-06-05,2026,6,5,금,4,0,0,,0,0
2026-06-06,2026,6,6,토,5,1,1,현충일,1,0
2026-06-07,2026,6,7,일,6,1,0,,1,0
2026-06-08,2026,6,8,월,0,0,0,,0,0
2026-06-09,2026,6,9,화,1,0,0,,0,0
2026-06-10,2026,6,10,수,2,0,0,,0,0
2026-06-11,2026,6,11,목,3,0,0,,0,0
2026-06-12,2026,6,12,금,4,0,0,,0,0
2026-06-13,2026,6,13,토,5,1,0,,1,0
2026-06-14,2026,6,14,일,6,1,0,,1,0
2026-06-15,2026,6,15,월,0,0,0,,0,0
2026-06-16,2026,6,16,화,1,0,0,,0,0
2026-06-17,2026,6,17,수,2,0,0,,0,0
2026-06-18,2026,6,18,목,3,0,0,,0,0
2026-06-19,2026,6,19,금,4,0,0,,0,0
2026-06-20,2026,6,20,토,5,1,0,,1,0
2026-06-21,2026,6,21,일,6,1,0,,1,0
2026-06-22,2026,6,22,월,0,0,0,,0,0
2026-06-23,2026,6,23,화,1,0,0,,0,0
2026-06-24,2026,6,24,수,2,0,0,,0,0
2026-06-25,2026,6,25,목,3,0,0,,0,0
2026-06-26,2026,6,26,금,4,0,0,,0,0
2026-06-27,2026,6,27,토,5,1,0,,1,0
2026-06-28,2026,6,28,일,6,1,0,,1,0
2026-06-29,2026,6,29,월,0,0,0,,0,0
2026-06-30,2026,6,30,화,1,0,0,,0,0
2026-07-01,2026,7,1,수,2,0,0,,0,0
2026-07-02,2026,7,2,목,3,0,0,,0,0
2026-07-03,2026,7,3,금,4,0,0,,0,0
2026-07-04,2026,7,4,토,5,1,0,,1,0
2026-07-05,2026,7,5,일,6,1,0,,1,0
2026-07-06,2026,7,6,월,0,0,0,,0,0
2026-07-07,2026,7,7,화,1,0,0,,0,0
2026-07-08,2026,7,8,수,2,0,0,,0,0
2026-07-09,2026,7,9,목,3,0,0,,0,0
2026-07-10,2026,7,10,금,4,0,0,,0,0
2026-07-11,2026,7,11,토,5,1,0,,1,0
2026-07-12,2026,7,12,일,6,1,0,,1,0
2026-07-13,2026,7,13,월,0,0,0,,0,0
2026-07-14,2026,7,14,화,1,0,0,,0,0
2026-07-15,2026,7,15,수,2,0,0,,0,0
2026-07-16,2026,7,16,목,3,0,0,,0,0
2026-07-17,2026,7,17,금,4,0,1,제헌절,1,0
2026-07-18,2026,7,18,토,5,1,0,,1,0
2026-07-19,2026,7,19,일,6,1,0,,1,0
2026-07-20,2026,7,20,월,0,0,0,,0,0
2026-07-21,2026,7,21,화,1,0,0,,0,0
2026-07-22,2026,7,22,수,2,0,0,,0,0
2026-07-23,2026,7,23,목,3,0,0,,0,0
2026-07-24,2026,7,24,금,4,0,0,,0,0
2026-07-25,2026,7,25,토,5,1,0,,1,0
2026-07-26,2026,7,26,일,6,1,0,,1,0
2026-07-27,2026,7,27,월,0,0,0,,0,0
2026-07-28,2026,7,28,화,1,0,0,,0,0
2026-07-29,2026,7,29,수,2,0,0,,0,0
2026-07-30,2026,7,30,목,3,0,0,,0,0
2026-07-31,2026,7,31,금,4,0,0,,0,0
2026-08-01,2026,8,1,토,5,1,0,,1,0
2026-08-02,2026,8,2,일,6,1,0,,1,0
2026-08-03,2026,8,3,월,0,0,0,,0,0
2026-08-04,2026,8,4,화,1,0,0,,0,0
2026-08-05,2026,8,5,수,2,0,0,,0,0
2026-08-06,2026,8,6,목,3,0,0,,0,0
2026-08-07,2026,8,7,금,4,0,0,,0,0
2026-08-08,2026,8,8,토,5,1,0,,1,0
2026-08-09,2026,8,9,일,6,1,0,,1,0
2026-08-10,2026,8,10,월,0,0,0,,0,0
